disease_id,canonical_name,keep,merge_candidate,duplicate_of,rename_needed,missing_presentations,missing_findings,missing_keywords,missing_diagnostics,missing_treatments,missing_complications,source_status_problem,relationship_problem,priority,action_taken
DIS-NEUR-001,Transient ischemic attack,true,false,,false,0,0,3,0,0,1,topic-level sources remain partial,none,1,"Expanded presentations, findings, diagnostics, treatments, and directional differentials; remaining gaps are reported transparently."
DIS-N-0061,Seizure disorder,true,false,,false,0,0,3,0,0,1,topic-level sources remain partial,none,1,"Expanded presentations, findings, diagnostics, treatments, and directional differentials; remaining gaps are reported transparently."
DIS-N-0063,Meningitis,true,false,,false,0,0,3,0,0,1,topic-level sources remain partial,none,1,"Expanded presentations, findings, diagnostics, treatments, and directional differentials; remaining gaps are reported transparently."
DIS-N-0069,Delirium,true,false,,false,0,0,3,0,0,1,topic-level sources remain partial,none,2,"Expanded presentations, findings, diagnostics, treatments, and directional differentials; remaining gaps are reported transparently."
DIS-N-0058,Acute ischemic stroke,true,false,,false,0,0,3,0,0,0,topic-level sources remain partial,none,1,"Expanded presentations, findings, diagnostics, treatments, and directional differentials; remaining gaps are reported transparently."
DIS-NEUR-006,Large-vessel occlusion stroke,true,false,,false,0,0,3,0,0,1,topic-level sources remain partial,none,1,"Expanded presentations, findings, diagnostics, treatments, and directional differentials; remaining gaps are reported transparently."
DIS-NEUR-007,Lacunar stroke,true,false,,false,0,0,3,0,0,1,topic-level sources remain partial,none,1,"Expanded presentations, findings, diagnostics, treatments, and directional differentials; remaining gaps are reported transparently."
DIS-NEUR-008,Watershed infarction,true,false,,false,0,0,3,0,0,1,topic-level sources remain partial,none,1,"Expanded presentations, findings, diagnostics, treatments, and directional differentials; remaining gaps are reported transparently."
DIS-NEUR-009,Cardioembolic stroke,true,false,,false,0,0,3,0,0,1,topic-level sources remain partial,none,1,"Expanded presentations, findings, diagnostics, treatments, and directional differentials; remaining gaps are reported transparently."
DIS-NEUR-010,Cryptogenic stroke,true,false,,false,0,0,3,0,0,1,topic-level sources remain partial,none,1,"Expanded presentations, findings, diagnostics, treatments, and directional differentials; remaining gaps are reported transparently."
DIS-NEUR-011,Cerebral venous sinus thrombosis,true,false,,false,0,0,3,0,0,1,topic-level sources remain partial,none,1,"Expanded presentations, findings, diagnostics, treatments, and directional differentials; remaining gaps are reported transparently."
DIS-N-0059,Intracerebral hemorrhage,true,false,,false,0,0,3,0,0,1,topic-level sources remain partial,none,1,"Expanded presentations, findings, diagnostics, treatments, and directional differentials; remaining gaps are reported transparently."
DIS-N-0060,Subarachnoid hemorrhage,true,false,,false,0,0,1,0,0,0,topic-level sources remain partial,none,1,"Expanded presentations, findings, diagnostics, treatments, and directional differentials; remaining gaps are reported transparently."
DIS-NEUR-014,Epidural hematoma,true,false,,false,0,0,3,0,0,1,topic-level sources remain partial,none,1,"Expanded presentations, findings, diagnostics, treatments, and directional differentials; remaining gaps are reported transparently."
DIS-NEUR-015,Subdural hematoma,true,false,,false,0,0,3,0,0,1,topic-level sources remain partial,none,1,"Expanded presentations, findings, diagnostics, treatments, and directional differentials; remaining gaps are reported transparently."
DIS-NEUR-016,Intraventricular hemorrhage,true,false,,false,0,0,3,0,0,1,topic-level sources remain partial,none,1,"Expanded presentations, findings, diagnostics, treatments, and directional differentials; remaining gaps are reported transparently."
DIS-NEUR-017,Hypertensive cerebral hemorrhage,true,false,,false,0,0,3,0,0,1,topic-level sources remain partial,none,1,"Expanded presentations, findings, diagnostics, treatments, and directional differentials; remaining gaps are reported transparently."
DIS-NEUR-018,Cerebral amyloid angiopathy,true,false,,false,0,0,3,0,0,1,topic-level sources remain partial,none,1,"Expanded presentations, findings, diagnostics, treatments, and directional differentials; remaining gaps are reported transparently."
DIS-NEUR-019,Carotid artery dissection,true,false,,false,0,0,3,0,0,1,topic-level sources remain partial,none,1,"Expanded presentations, findings, diagnostics, treatments, and directional differentials; remaining gaps are reported transparently."
DIS-NEUR-020,Vertebral artery dissection,true,false,,false,0,0,3,0,0,1,topic-level sources remain partial,none,1,"Expanded presentations, findings, diagnostics, treatments, and directional differentials; remaining gaps are reported transparently."
DIS-NEUR-021,Carotid artery stenosis,true,false,,false,0,0,3,0,0,1,topic-level sources remain partial,none,1,"Expanded presentations, findings, diagnostics, treatments, and directional differentials; remaining gaps are reported transparently."
DIS-NEUR-022,Moyamoya disease,true,false,,false,0,0,3,0,0,1,topic-level sources remain partial,none,1,"Expanded presentations, findings, diagnostics, treatments, and directional differentials; remaining gaps are reported transparently."
DIS-NEUR-023,Reversible cerebral vasoconstriction syndrome,true,false,,false,0,0,3,0,0,1,topic-level sources remain partial,none,1,"Expanded presentations, findings, diagnostics, treatments, and directional differentials; remaining gaps are reported transparently."
DIS-NEUR-024,Posterior reversible encephalopathy syndrome,true,false,,false,0,0,3,0,0,1,topic-level sources remain partial,none,1,"Expanded presentations, findings, diagnostics, treatments, and directional differentials; remaining gaps are reported transparently."
DIS-NEUR-025,Vascular dementia,true,false,,false,0,0,3,0,0,1,topic-level sources remain partial,none,2,"Expanded presentations, findings, diagnostics, treatments, and directional differentials; remaining gaps are reported transparently."
DIS-NEUR-026,Middle cerebral artery syndrome,true,false,,false,0,0,3,0,0,1,topic-level sources remain partial,none,1,"Expanded presentations, findings, diagnostics, treatments, and directional differentials; remaining gaps are reported transparently."
DIS-NEUR-027,Anterior cerebral artery syndrome,true,false,,false,0,0,3,0,0,1,topic-level sources remain partial,none,1,"Expanded presentations, findings, diagnostics, treatments, and directional differentials; remaining gaps are reported transparently."
DIS-NEUR-028,Posterior cerebral artery syndrome,true,false,,false,0,0,3,0,0,1,topic-level sources remain partial,none,1,"Expanded presentations, findings, diagnostics, treatments, and directional differentials; remaining gaps are reported transparently."
DIS-NEUR-029,Basilar artery syndrome,true,false,,false,0,0,3,0,0,1,topic-level sources remain partial,none,1,"Expanded presentations, findings, diagnostics, treatments, and directional differentials; remaining gaps are reported transparently."
DIS-NEUR-030,Lateral medullary syndrome,true,false,,false,0,0,3,0,0,1,topic-level sources remain partial,none,1,"Expanded presentations, findings, diagnostics, treatments, and directional differentials; remaining gaps are reported transparently."
DIS-NEUR-031,Medial medullary syndrome,true,false,,false,0,0,3,0,0,1,topic-level sources remain partial,none,1,"Expanded presentations, findings, diagnostics, treatments, and directional differentials; remaining gaps are reported transparently."
DIS-NEUR-032,Locked-in syndrome,true,false,,false,0,0,3,0,0,1,topic-level sources remain partial,none,1,"Expanded presentations, findings, diagnostics, treatments, and directional differentials; remaining gaps are reported transparently."
DIS-NEUR-033,Pure motor lacunar syndrome,true,false,,false,0,0,3,0,0,1,topic-level sources remain partial,none,1,"Expanded presentations, findings, diagnostics, treatments, and directional differentials; remaining gaps are reported transparently."
DIS-NEUR-034,First unprovoked seizure,true,false,,false,0,0,3,0,0,1,topic-level sources remain partial,none,1,"Expanded presentations, findings, diagnostics, treatments, and directional differentials; remaining gaps are reported transparently."
DIS-NEUR-035,Focal aware seizure,true,false,,false,0,0,3,0,0,1,topic-level sources remain partial,none,1,"Expanded presentations, findings, diagnostics, treatments, and directional differentials; remaining gaps are reported transparently."
DIS-NEUR-036,Focal impaired-awareness seizure,true,false,,false,0,0,3,0,0,1,topic-level sources remain partial,none,1,"Expanded presentations, findings, diagnostics, treatments, and directional differentials; remaining gaps are reported transparently."
DIS-NEUR-037,Focal to bilateral tonic-clonic seizure,true,false,,false,0,0,3,0,0,1,topic-level sources remain partial,none,1,"Expanded presentations, findings, diagnostics, treatments, and directional differentials; remaining gaps are reported transparently."
DIS-NEUR-038,Generalized tonic-clonic seizure,true,false,,false,0,0,3,0,0,1,topic-level sources remain partial,none,1,"Expanded presentations, findings, diagnostics, treatments, and directional differentials; remaining gaps are reported transparently."
DIS-NEUR-039,Absence seizure,true,false,,false,0,0,3,0,0,1,topic-level sources remain partial,none,1,"Expanded presentations, findings, diagnostics, treatments, and directional differentials; remaining gaps are reported transparently."
DIS-NEUR-040,Myoclonic seizure,true,false,,false,0,0,3,0,0,1,topic-level sources remain partial,none,1,"Expanded presentations, findings, diagnostics, treatments, and directional differentials; remaining gaps are reported transparently."
DIS-NEUR-041,Atonic seizure,true,false,,false,0,0,3,0,0,1,topic-level sources remain partial,none,1,"Expanded presentations, findings, diagnostics, treatments, and directional differentials; remaining gaps are reported transparently."
DIS-NEUR-042,Infantile spasms,true,false,,false,0,0,3,0,0,1,topic-level sources remain partial,none,1,"Expanded presentations, findings, diagnostics, treatments, and directional differentials; remaining gaps are reported transparently."
DIS-P-0113,Febrile seizure,true,false,,false,0,0,3,0,0,1,topic-level sources remain partial,none,1,"Expanded presentations, findings, diagnostics, treatments, and directional differentials; remaining gaps are reported transparently."
DIS-N-0062,Status epilepticus,true,false,,false,0,0,3,0,0,0,topic-level sources remain partial,none,1,"Expanded presentations, findings, diagnostics, treatments, and directional differentials; remaining gaps are reported transparently."
DIS-NEUR-045,Nonconvulsive status epilepticus,true,false,,false,0,0,3,0,0,1,topic-level sources remain partial,none,1,"Expanded presentations, findings, diagnostics, treatments, and directional differentials; remaining gaps are reported transparently."
DIS-NEUR-046,Psychogenic nonepileptic seizures,true,false,,false,0,0,3,0,0,1,topic-level sources remain partial,none,1,"Expanded presentations, findings, diagnostics, treatments, and directional differentials; remaining gaps are reported transparently."
DIS-NEUR-047,Juvenile myoclonic epilepsy,true,false,,false,0,0,3,0,0,1,topic-level sources remain partial,none,1,"Expanded presentations, findings, diagnostics, treatments, and directional differentials; remaining gaps are reported transparently."
DIS-NEUR-048,Childhood absence epilepsy,true,false,,false,0,0,3,0,0,1,topic-level sources remain partial,none,1,"Expanded presentations, findings, diagnostics, treatments, and directional differentials; remaining gaps are reported transparently."
DIS-NEUR-049,Temporal-lobe epilepsy,true,false,,false,0,0,3,0,0,1,topic-level sources remain partial,none,1,"Expanded presentations, findings, diagnostics, treatments, and directional differentials; remaining gaps are reported transparently."
DIS-NEUR-050,Lennox-Gastaut syndrome,true,false,,false,0,0,3,0,0,1,topic-level sources remain partial,none,1,"Expanded presentations, findings, diagnostics, treatments, and directional differentials; remaining gaps are reported transparently."
DIS-NEUR-051,West syndrome,true,false,,false,0,0,3,0,0,1,topic-level sources remain partial,none,1,"Expanded presentations, findings, diagnostics, treatments, and directional differentials; remaining gaps are reported transparently."
DIS-NEUR-052,Dravet syndrome,true,false,,false,0,0,3,0,0,1,topic-level sources remain partial,none,1,"Expanded presentations, findings, diagnostics, treatments, and directional differentials; remaining gaps are reported transparently."
DIS-NEUR-053,Migraine without aura,true,false,,false,0,0,3,0,0,1,topic-level sources remain partial,none,2,"Expanded presentations, findings, diagnostics, treatments, and directional differentials; remaining gaps are reported transparently."
DIS-NEUR-054,Migraine with aura,true,false,,false,0,0,3,0,0,1,topic-level sources remain partial,none,2,"Expanded presentations, findings, diagnostics, treatments, and directional differentials; remaining gaps are reported transparently."
DIS-NEUR-055,Hemiplegic migraine,true,false,,false,0,0,3,0,0,1,topic-level sources remain partial,none,2,"Expanded presentations, findings, diagnostics, treatments, and directional differentials; remaining gaps are reported transparently."
DIS-NEUR-056,Cluster headache,true,false,,false,0,0,3,0,0,1,topic-level sources remain partial,none,2,"Expanded presentations, findings, diagnostics, treatments, and directional differentials; remaining gaps are reported transparently."
DIS-NEUR-057,Trigeminal neuralgia,true,false,,false,0,0,3,0,0,1,topic-level sources remain partial,none,2,"Expanded presentations, findings, diagnostics, treatments, and directional differentials; remaining gaps are reported transparently."
DIS-NEUR-058,Idiopathic intracranial hypertension,true,false,,false,0,0,3,0,0,1,topic-level sources remain partial,none,2,"Expanded presentations, findings, diagnostics, treatments, and directional differentials; remaining gaps are reported transparently."
DIS-NEUR-059,Intracranial hypotension,true,false,,false,0,0,3,0,0,1,topic-level sources remain partial,none,2,"Expanded presentations, findings, diagnostics, treatments, and directional differentials; remaining gaps are reported transparently."
DIS-NEUR-061,Post-dural-puncture headache,true,false,,false,0,0,3,0,0,1,topic-level sources remain partial,none,2,"Expanded presentations, findings, diagnostics, treatments, and directional differentials; remaining gaps are reported transparently."
DIS-NEUR-062,Acute bacterial meningitis,true,false,,false,0,0,3,0,0,0,topic-level sources remain partial,none,1,"Expanded presentations, findings, diagnostics, treatments, and directional differentials; remaining gaps are reported transparently."
DIS-NEUR-063,Viral meningitis,true,false,,false,0,0,3,0,0,1,topic-level sources remain partial,none,1,"Expanded presentations, findings, diagnostics, treatments, and directional differentials; remaining gaps are reported transparently."
DIS-NEUR-064,Tuberculous meningitis,true,false,,false,0,0,3,0,0,1,topic-level sources remain partial,none,1,"Expanded presentations, findings, diagnostics, treatments, and directional differentials; remaining gaps are reported transparently."
DIS-NEUR-065,Cryptococcal meningitis,true,false,,false,0,0,3,0,0,1,topic-level sources remain partial,none,1,"Expanded presentations, findings, diagnostics, treatments, and directional differentials; remaining gaps are reported transparently."
DIS-N-0064,Encephalitis,true,false,,false,0,0,3,0,0,1,topic-level sources remain partial,none,1,"Expanded presentations, findings, diagnostics, treatments, and directional differentials; remaining gaps are reported transparently."
DIS-NEUR-067,HSV encephalitis,true,false,,false,0,0,2,0,0,1,topic-level sources remain partial,none,1,"Expanded presentations, findings, diagnostics, treatments, and directional differentials; remaining gaps are reported transparently."
DIS-NEUR-068,Brain abscess,true,false,,false,0,0,3,0,0,1,topic-level sources remain partial,none,1,"Expanded presentations, findings, diagnostics, treatments, and directional differentials; remaining gaps are reported transparently."
DIS-NEUR-070,Neurosyphilis,true,false,,false,0,0,2,0,0,1,topic-level sources remain partial,none,1,"Expanded presentations, findings, diagnostics, treatments, and directional differentials; remaining gaps are reported transparently."
DIS-NEUR-071,Progressive multifocal leukoencephalopathy,true,false,,false,0,0,3,0,0,1,transparent unverified status,none,1,"Expanded presentations, findings, diagnostics, treatments, and directional differentials; remaining gaps are reported transparently."
DIS-N-0065,Multiple sclerosis,true,false,,false,0,0,0,0,0,0,topic-level sources remain partial,none,2,"Expanded presentations, findings, diagnostics, treatments, and directional differentials; remaining gaps are reported transparently."
DIS-NEUR-073,Clinically isolated syndrome,true,false,,false,0,0,3,0,0,1,topic-level sources remain partial,none,2,"Expanded presentations, findings, diagnostics, treatments, and directional differentials; remaining gaps are reported transparently."
DIS-NEUR-074,Neuromyelitis optica spectrum disorder,true,false,,false,0,0,3,0,0,1,topic-level sources remain partial,none,2,"Expanded presentations, findings, diagnostics, treatments, and directional differentials; remaining gaps are reported transparently."
DIS-NEUR-075,MOG antibody-associated disease,true,false,,false,0,0,3,0,0,1,transparent unverified status,none,2,"Expanded presentations, findings, diagnostics, treatments, and directional differentials; remaining gaps are reported transparently."
DIS-NEUR-076,Acute disseminated encephalomyelitis,true,false,,false,0,0,3,0,0,1,topic-level sources remain partial,none,2,"Expanded presentations, findings, diagnostics, treatments, and directional differentials; remaining gaps are reported transparently."
DIS-NEUR-077,Transverse myelitis,true,false,,false,0,0,3,0,0,1,topic-level sources remain partial,none,2,"Expanded presentations, findings, diagnostics, treatments, and directional differentials; remaining gaps are reported transparently."
DIS-NEUR-078,Optic neuritis,true,false,,false,0,0,3,0,0,1,topic-level sources remain partial,none,2,"Expanded presentations, findings, diagnostics, treatments, and directional differentials; remaining gaps are reported transparently."
DIS-N-0068,Guillain-Barre syndrome,true,false,,false,0,0,2,0,0,0,topic-level sources remain partial,none,2,"Expanded presentations, findings, diagnostics, treatments, and directional differentials; remaining gaps are reported transparently."
DIS-NEUR-080,Chronic inflammatory demyelinating polyneuropathy,true,false,,false,0,0,3,0,0,1,transparent unverified status,none,2,"Expanded presentations, findings, diagnostics, treatments, and directional differentials; remaining gaps are reported transparently."
DIS-NEUR-081,Autoimmune encephalitis,true,false,,false,0,0,3,0,0,1,topic-level sources remain partial,none,2,"Expanded presentations, findings, diagnostics, treatments, and directional differentials; remaining gaps are reported transparently."
DIS-NEUR-082,Anti-NMDA receptor encephalitis,true,false,,false,0,0,3,0,0,1,topic-level sources remain partial,none,2,"Expanded presentations, findings, diagnostics, treatments, and directional differentials; remaining gaps are reported transparently."
DIS-N-0066,Parkinson disease,true,false,,false,0,0,0,0,0,0,topic-level sources remain partial,none,2,"Expanded presentations, findings, diagnostics, treatments, and directional differentials; remaining gaps are reported transparently."
DIS-NEUR-084,Drug-induced parkinsonism,true,false,,false,0,0,2,0,0,1,transparent unverified status,none,2,"Expanded presentations, findings, diagnostics, treatments, and directional differentials; remaining gaps are reported transparently."
DIS-NEUR-085,Multiple system atrophy,true,false,,false,0,0,3,0,0,1,transparent unverified status,none,2,"Expanded presentations, findings, diagnostics, treatments, and directional differentials; remaining gaps are reported transparently."
DIS-NEUR-086,Progressive supranuclear palsy,true,false,,false,0,0,3,0,0,1,transparent unverified status,none,2,"Expanded presentations, findings, diagnostics, treatments, and directional differentials; remaining gaps are reported transparently."
DIS-NEUR-087,Essential tremor,true,false,,false,0,0,3,0,0,1,topic-level sources remain partial,none,2,"Expanded presentations, findings, diagnostics, treatments, and directional differentials; remaining gaps are reported transparently."
DIS-NEUR-088,Huntington disease,true,false,,false,0,0,3,0,0,1,topic-level sources remain partial,none,2,"Expanded presentations, findings, diagnostics, treatments, and directional differentials; remaining gaps are reported transparently."
DIS-NEUR-089,Wilson disease,true,false,,false,0,0,2,0,0,1,topic-level sources remain partial,none,2,"Expanded presentations, findings, diagnostics, treatments, and directional differentials; remaining gaps are reported transparently."
DIS-NEUR-090,Tourette disorder,true,false,,false,0,0,3,0,0,1,topic-level sources remain partial,none,2,"Expanded presentations, findings, diagnostics, treatments, and directional differentials; remaining gaps are reported transparently."
DIS-NEUR-091,Tardive dyskinesia,true,false,,false,0,0,3,0,0,1,topic-level sources remain partial,none,2,"Expanded presentations, findings, diagnostics, treatments, and directional differentials; remaining gaps are reported transparently."
DIS-NEUR-092,Acute dystonia,true,false,,false,0,0,3,0,0,1,topic-level sources remain partial,none,2,"Expanded presentations, findings, diagnostics, treatments, and directional differentials; remaining gaps are reported transparently."
DIS-NEUR-093,Akathisia,true,false,,false,0,0,3,0,0,1,topic-level sources remain partial,none,2,"Expanded presentations, findings, diagnostics, treatments, and directional differentials; remaining gaps are reported transparently."
DIS-NEUR-094,Neuroleptic malignant syndrome,true,false,,false,0,0,3,0,0,1,topic-level sources remain partial,none,2,"Expanded presentations, findings, diagnostics, treatments, and directional differentials; remaining gaps are reported transparently."
DIS-NEUR-095,Serotonin syndrome,true,false,,false,0,0,3,0,0,1,topic-level sources remain partial,none,2,"Expanded presentations, findings, diagnostics, treatments, and directional differentials; remaining gaps are reported transparently."
DIS-NEUR-096,Alzheimer disease,true,false,,false,0,0,3,0,0,1,topic-level sources remain partial,none,2,"Expanded presentations, findings, diagnostics, treatments, and directional differentials; remaining gaps are reported transparently."
DIS-NEUR-097,Dementia with Lewy bodies,true,false,,false,0,0,3,0,0,1,topic-level sources remain partial,none,2,"Expanded presentations, findings, diagnostics, treatments, and directional differentials; remaining gaps are reported transparently."
DIS-NEUR-098,Frontotemporal dementia,true,false,,false,0,0,3,0,0,1,topic-level sources remain partial,none,2,"Expanded presentations, findings, diagnostics, treatments, and directional differentials; remaining gaps are reported transparently."
DIS-NEUR-099,Normal-pressure hydrocephalus,true,false,,false,0,0,3,0,0,1,topic-level sources remain partial,none,2,"Expanded presentations, findings, diagnostics, treatments, and directional differentials; remaining gaps are reported transparently."
DIS-NEUR-100,Creutzfeldt-Jakob disease,true,false,,false,0,0,3,0,0,1,topic-level sources remain partial,none,2,"Expanded presentations, findings, diagnostics, treatments, and directional differentials; remaining gaps are reported transparently."
DIS-NEUR-101,Wernicke encephalopathy,true,false,,false,0,0,3,0,0,1,topic-level sources remain partial,none,2,"Expanded presentations, findings, diagnostics, treatments, and directional differentials; remaining gaps are reported transparently."
DIS-NEUR-102,Korsakoff syndrome,true,false,,false,0,0,3,0,0,1,topic-level sources remain partial,none,2,"Expanded presentations, findings, diagnostics, treatments, and directional differentials; remaining gaps are reported transparently."
DIS-N-0067,Myasthenia gravis,true,false,,false,0,0,2,0,0,0,topic-level sources remain partial,none,2,"Expanded presentations, findings, diagnostics, treatments, and directional differentials; remaining gaps are reported transparently."
DIS-NEUR-104,Myasthenic crisis,true,false,,false,0,0,2,0,0,1,topic-level sources remain partial,none,2,"Expanded presentations, findings, diagnostics, treatments, and directional differentials; remaining gaps are reported transparently."
DIS-NEUR-105,Cholinergic crisis,true,false,,false,0,0,3,0,0,1,topic-level sources remain partial,none,2,"Expanded presentations, findings, diagnostics, treatments, and directional differentials; remaining gaps are reported transparently."
DIS-NEUR-106,Lambert-Eaton myasthenic syndrome,true,false,,false,0,0,2,0,0,1,topic-level sources remain partial,none,2,"Expanded presentations, findings, diagnostics, treatments, and directional differentials; remaining gaps are reported transparently."
DIS-NEUR-107,Botulism,true,false,,false,0,0,3,0,0,1,topic-level sources remain partial,none,2,"Expanded presentations, findings, diagnostics, treatments, and directional differentials; remaining gaps are reported transparently."
DIS-NEUR-108,Duchenne muscular dystrophy,true,false,,false,0,0,1,0,0,1,topic-level sources remain partial,none,2,"Expanded presentations, findings, diagnostics, treatments, and directional differentials; remaining gaps are reported transparently."
DIS-NEUR-111,Rhabdomyolysis,true,false,,false,0,0,3,0,0,1,topic-level sources remain partial,none,2,"Expanded presentations, findings, diagnostics, treatments, and directional differentials; remaining gaps are reported transparently."
DIS-NEUR-112,Malignant hyperthermia,true,false,,false,0,0,3,0,0,1,topic-level sources remain partial,none,2,"Expanded presentations, findings, diagnostics, treatments, and directional differentials; remaining gaps are reported transparently."
DIS-NEUR-113,Diabetic polyneuropathy,true,false,,false,0,0,3,0,0,1,topic-level sources remain partial,none,2,"Expanded presentations, findings, diagnostics, treatments, and directional differentials; remaining gaps are reported transparently."
DIS-NEUR-114,Vitamin B12 deficiency neuropathy,true,false,,false,0,0,3,0,0,1,topic-level sources remain partial,none,2,"Expanded presentations, findings, diagnostics, treatments, and directional differentials; remaining gaps are reported transparently."
DIS-NEUR-116,Ulnar neuropathy,true,false,,false,0,0,3,0,0,1,topic-level sources remain partial,none,2,"Expanded presentations, findings, diagnostics, treatments, and directional differentials; remaining gaps are reported transparently."
DIS-NEUR-117,Common peroneal neuropathy,true,false,,false,0,0,3,0,0,1,topic-level sources remain partial,none,2,"Expanded presentations, findings, diagnostics, treatments, and directional differentials; remaining gaps are reported transparently."
DIS-NEUR-118,Bell palsy,true,false,,false,0,0,3,0,0,1,topic-level sources remain partial,none,2,"Expanded presentations, findings, diagnostics, treatments, and directional differentials; remaining gaps are reported transparently."
DIS-NEUR-119,Ramsay Hunt syndrome,true,false,,false,0,0,3,0,0,1,topic-level sources remain partial,none,2,"Expanded presentations, findings, diagnostics, treatments, and directional differentials; remaining gaps are reported transparently."
DIS-NEUR-125,Anterior spinal artery syndrome,true,false,,false,0,0,3,0,0,1,topic-level sources remain partial,none,1,"Expanded presentations, findings, diagnostics, treatments, and directional differentials; remaining gaps are reported transparently."
DIS-NEUR-126,Brown-Sequard syndrome,true,false,,false,0,0,3,0,0,1,topic-level sources remain partial,none,1,"Expanded presentations, findings, diagnostics, treatments, and directional differentials; remaining gaps are reported transparently."
DIS-NEUR-127,Syringomyelia,true,false,,false,0,0,2,0,0,1,topic-level sources remain partial,none,1,"Expanded presentations, findings, diagnostics, treatments, and directional differentials; remaining gaps are reported transparently."
DIS-NEUR-128,Amyotrophic lateral sclerosis,true,false,,false,0,0,3,0,0,1,topic-level sources remain partial,none,1,"Expanded presentations, findings, diagnostics, treatments, and directional differentials; remaining gaps are reported transparently."
DIS-NEUR-129,Glioblastoma,true,false,,false,0,0,2,0,0,0,topic-level sources remain partial,none,2,"Expanded presentations, findings, diagnostics, treatments, and directional differentials; remaining gaps are reported transparently."
DIS-NEUR-130,Oligodendroglioma,true,false,,false,0,0,2,0,0,1,topic-level sources remain partial,none,2,"Expanded presentations, findings, diagnostics, treatments, and directional differentials; remaining gaps are reported transparently."
DIS-NEUR-131,Meningioma,true,false,,false,0,0,2,0,0,1,topic-level sources remain partial,none,2,"Expanded presentations, findings, diagnostics, treatments, and directional differentials; remaining gaps are reported transparently."
DIS-NEUR-132,Vestibular schwannoma,true,false,,false,0,0,3,0,0,1,topic-level sources remain partial,none,2,"Expanded presentations, findings, diagnostics, treatments, and directional differentials; remaining gaps are reported transparently."
DIS-NEUR-133,Pituitary adenoma,true,false,,false,0,0,3,0,0,1,topic-level sources remain partial,none,2,"Expanded presentations, findings, diagnostics, treatments, and directional differentials; remaining gaps are reported transparently."
DIS-NEUR-134,Medulloblastoma,true,false,,false,0,0,2,0,0,1,topic-level sources remain partial,none,2,"Expanded presentations, findings, diagnostics, treatments, and directional differentials; remaining gaps are reported transparently."
DIS-NEUR-135,Primary CNS lymphoma,true,false,,false,0,0,3,0,0,1,topic-level sources remain partial,none,2,"Expanded presentations, findings, diagnostics, treatments, and directional differentials; remaining gaps are reported transparently."
DIS-NEUR-136,Brain metastases,true,false,,false,0,0,3,0,0,1,topic-level sources remain partial,none,2,"Expanded presentations, findings, diagnostics, treatments, and directional differentials; remaining gaps are reported transparently."
DIS-NEUR-137,Increased intracranial pressure,true,false,,false,0,0,3,0,0,1,topic-level sources remain partial,none,1,"Expanded presentations, findings, diagnostics, treatments, and directional differentials; remaining gaps are reported transparently."
DIS-NEUR-138,Obstructive hydrocephalus,true,false,,false,0,0,3,0,0,1,topic-level sources remain partial,none,1,"Expanded presentations, findings, diagnostics, treatments, and directional differentials; remaining gaps are reported transparently."
DIS-NEUR-139,Communicating hydrocephalus,true,false,,false,0,0,3,0,0,1,topic-level sources remain partial,none,1,"Expanded presentations, findings, diagnostics, treatments, and directional differentials; remaining gaps are reported transparently."
DIS-NEUR-140,Uncal herniation,true,false,,false,0,0,3,0,0,1,topic-level sources remain partial,none,1,"Expanded presentations, findings, diagnostics, treatments, and directional differentials; remaining gaps are reported transparently."
DIS-NEUR-141,Papilledema,true,false,,false,0,0,3,0,0,1,topic-level sources remain partial,none,1,"Expanded presentations, findings, diagnostics, treatments, and directional differentials; remaining gaps are reported transparently."
DIS-NEUR-142,Oculomotor nerve palsy,true,false,,false,0,0,3,0,0,1,topic-level sources remain partial,none,2,"Expanded presentations, findings, diagnostics, treatments, and directional differentials; remaining gaps are reported transparently."
DIS-NEUR-143,Abducens nerve palsy,true,false,,false,0,0,3,0,0,1,topic-level sources remain partial,none,2,"Expanded presentations, findings, diagnostics, treatments, and directional differentials; remaining gaps are reported transparently."
DIS-NEUR-144,Internuclear ophthalmoplegia,true,false,,false,0,0,3,0,0,1,topic-level sources remain partial,none,2,"Expanded presentations, findings, diagnostics, treatments, and directional differentials; remaining gaps are reported transparently."
DIS-NEUR-145,Horner syndrome,true,false,,false,0,0,3,0,0,1,topic-level sources remain partial,none,2,"Expanded presentations, findings, diagnostics, treatments, and directional differentials; remaining gaps are reported transparently."
DIS-NEUR-146,Benign paroxysmal positional vertigo,true,false,,false,0,0,3,0,0,1,topic-level sources remain partial,none,2,"Expanded presentations, findings, diagnostics, treatments, and directional differentials; remaining gaps are reported transparently."
DIS-NEUR-147,Vestibular neuritis,true,false,,false,0,0,3,0,0,1,topic-level sources remain partial,none,2,"Expanded presentations, findings, diagnostics, treatments, and directional differentials; remaining gaps are reported transparently."
DIS-NEUR-148,Central vertigo,true,false,,false,0,0,3,0,0,1,topic-level sources remain partial,none,2,"Expanded presentations, findings, diagnostics, treatments, and directional differentials; remaining gaps are reported transparently."
DIS-NEUR-149,Cerebellar stroke,true,false,,false,0,0,3,0,0,1,topic-level sources remain partial,none,2,"Expanded presentations, findings, diagnostics, treatments, and directional differentials; remaining gaps are reported transparently."
DIS-NEUR-150,Cerebral palsy,true,false,,false,0,0,3,0,0,1,topic-level sources remain partial,none,2,"Expanded presentations, findings, diagnostics, treatments, and directional differentials; remaining gaps are reported transparently."
DIS-NEUR-151,Spinal muscular atrophy,true,false,,false,0,0,3,0,0,1,topic-level sources remain partial,none,2,"Expanded presentations, findings, diagnostics, treatments, and directional differentials; remaining gaps are reported transparently."
DIS-NEUR-152,Tuberous sclerosis,true,false,,false,0,0,3,0,0,1,topic-level sources remain partial,none,2,"Expanded presentations, findings, diagnostics, treatments, and directional differentials; remaining gaps are reported transparently."
DIS-NEUR-153,Neurofibromatosis type 1,true,false,,false,0,0,3,0,0,1,topic-level sources remain partial,none,2,"Expanded presentations, findings, diagnostics, treatments, and directional differentials; remaining gaps are reported transparently."
DIS-NEUR-154,Rett syndrome,true,false,,false,0,0,3,0,0,1,topic-level sources remain partial,none,2,"Expanded presentations, findings, diagnostics, treatments, and directional differentials; remaining gaps are reported transparently."
DIS-NEUR-155,Hepatic encephalopathy,true,false,,false,0,0,3,0,0,1,topic-level sources remain partial,none,2,"Expanded presentations, findings, diagnostics, treatments, and directional differentials; remaining gaps are reported transparently."
DIS-NEUR-156,Hyponatremic encephalopathy,true,false,,false,0,0,3,0,0,1,topic-level sources remain partial,none,2,"Expanded presentations, findings, diagnostics, treatments, and directional differentials; remaining gaps are reported transparently."
DIS-NEUR-157,Carbon monoxide poisoning,true,false,,false,0,0,3,0,0,1,topic-level sources remain partial,none,2,"Expanded presentations, findings, diagnostics, treatments, and directional differentials; remaining gaps are reported transparently."
DIS-NEUR-158,Osmotic demyelination syndrome,true,false,,false,0,0,3,0,0,1,topic-level sources remain partial,none,2,"Expanded presentations, findings, diagnostics, treatments, and directional differentials; remaining gaps are reported transparently."
DIS-P-0023,Obstructive sleep apnea,true,false,,false,0,0,3,0,0,1,topic-level sources remain partial,none,2,"Expanded presentations, findings, diagnostics, treatments, and directional differentials; remaining gaps are reported transparently."
DIS-NEUR-160,Narcolepsy,true,false,,false,0,0,3,0,0,1,topic-level sources remain partial,none,2,"Expanded presentations, findings, diagnostics, treatments, and directional differentials; remaining gaps are reported transparently."
DIS-NEUR-161,REM sleep behavior disorder,true,false,,false,0,0,3,0,0,1,topic-level sources remain partial,none,2,"Expanded presentations, findings, diagnostics, treatments, and directional differentials; remaining gaps are reported transparently."
DIS-NEUR-162,Restless legs syndrome,true,false,,false,0,0,3,0,0,1,topic-level sources remain partial,none,2,"Expanded presentations, findings, diagnostics, treatments, and directional differentials; remaining gaps are reported transparently."
DIS-NEUR-MEDICATIONOVERUSEHEA,Medication-overuse headache,true,false,,false,0,0,3,0,0,1,transparent unverified status,none,2,"Expanded presentations, findings, diagnostics, treatments, and directional differentials; remaining gaps are reported transparently."
DIS-NEUR-TENSIONTYPEHEADACHE,Tension-type headache,true,false,,false,0,0,3,0,0,1,transparent unverified status,none,2,"Expanded presentations, findings, diagnostics, treatments, and directional differentials; remaining gaps are reported transparently."
DIS-NEUR-VESTIBULARMIGRAINE,Vestibular migraine,true,false,,false,0,0,3,0,0,1,transparent unverified status,none,2,"Expanded presentations, findings, diagnostics, treatments, and directional differentials; remaining gaps are reported transparently."
DIS-NEUR-CHRONICMIGRAINE,Chronic migraine,true,false,,false,0,0,3,0,0,1,transparent unverified status,none,2,"Expanded presentations, findings, diagnostics, treatments, and directional differentials; remaining gaps are reported transparently."
DIS-NEUR-OCCIPITALNEURALGIA,Occipital neuralgia,true,false,,false,0,0,3,0,0,1,transparent unverified status,none,2,"Expanded presentations, findings, diagnostics, treatments, and directional differentials; remaining gaps are reported transparently."
DIS-NEUR-GLOSSOPHARYNGEALNEUR,Glossopharyngeal neuralgia,true,false,,false,0,0,3,0,0,1,transparent unverified status,none,2,"Expanded presentations, findings, diagnostics, treatments, and directional differentials; remaining gaps are reported transparently."
DIS-NEUR-NEUROBORRELIOSIS,Neuroborreliosis,true,false,,false,0,0,3,0,0,1,transparent unverified status,none,2,"Expanded presentations, findings, diagnostics, treatments, and directional differentials; remaining gaps are reported transparently."
DIS-NEUR-RABIESENCEPHALITIS,Rabies encephalitis,true,false,,false,0,0,3,0,0,1,transparent unverified status,none,2,"Expanded presentations, findings, diagnostics, treatments, and directional differentials; remaining gaps are reported transparently."
DIS-NEUR-ACUTEFLACCIDMYELITIS,Acute flaccid myelitis,true,false,,false,0,0,3,0,0,1,transparent unverified status,none,2,"Expanded presentations, findings, diagnostics, treatments, and directional differentials; remaining gaps are reported transparently."
DIS-NEUR-FACIOSCAPULOHUMERALM,Facioscapulohumeral muscular dystrophy,true,false,,false,0,0,3,0,0,1,transparent unverified status,none,2,"Expanded presentations, findings, diagnostics, treatments, and directional differentials; remaining gaps are reported transparently."
DIS-NEUR-MYOTONICDYSTROPHY,Myotonic dystrophy,true,false,,false,0,0,3,0,0,1,transparent unverified status,none,2,"Expanded presentations, findings, diagnostics, treatments, and directional differentials; remaining gaps are reported transparently."
DIS-NEUR-MCARDLEDISEASE,McArdle disease,true,false,,false,0,0,3,0,0,1,transparent unverified status,none,2,"Expanded presentations, findings, diagnostics, treatments, and directional differentials; remaining gaps are reported transparently."
DIS-NEUR-POMPEDISEASE,Pompe disease,true,false,,false,0,0,3,0,0,1,transparent unverified status,none,2,"Expanded presentations, findings, diagnostics, treatments, and directional differentials; remaining gaps are reported transparently."
DIS-NEUR-SMALLFIBERNEUROPATHY,Small-fiber neuropathy,true,false,,false,0,0,3,0,0,1,transparent unverified status,none,2,"Expanded presentations, findings, diagnostics, treatments, and directional differentials; remaining gaps are reported transparently."
DIS-NEUR-MONONEURITISMULTIPLE,Mononeuritis multiplex,true,false,,false,0,0,3,0,0,1,transparent unverified status,none,2,"Expanded presentations, findings, diagnostics, treatments, and directional differentials; remaining gaps are reported transparently."
DIS-NEUR-TABESDORSALIS,Tabes dorsalis,true,false,,false,0,0,3,0,0,1,transparent unverified status,none,2,"Expanded presentations, findings, diagnostics, treatments, and directional differentials; remaining gaps are reported transparently."
DIS-NEUR-CENTRALCORDSYNDROME,Central cord syndrome,true,false,,false,0,0,3,0,0,1,transparent unverified status,none,2,"Expanded presentations, findings, diagnostics, treatments, and directional differentials; remaining gaps are reported transparently."
DIS-NEUR-POSTERIORCORDSYNDROM,Posterior cord syndrome,true,false,,false,0,0,3,0,0,1,transparent unverified status,none,2,"Expanded presentations, findings, diagnostics, treatments, and directional differentials; remaining gaps are reported transparently."
DIS-NEUR-DIFFUSEASTROCYTOMA,Diffuse astrocytoma,true,false,,false,0,0,3,0,0,1,transparent unverified status,none,2,"Expanded presentations, findings, diagnostics, treatments, and directional differentials; remaining gaps are reported transparently."
DIS-NEUR-EPENDYMOMA,Ependymoma,true,false,,false,0,0,3,0,0,1,transparent unverified status,none,2,"Expanded presentations, findings, diagnostics, treatments, and directional differentials; remaining gaps are reported transparently."
DIS-NEUR-HEMANGIOBLASTOMA,Hemangioblastoma,true,false,,false,0,0,3,0,0,1,transparent unverified status,none,2,"Expanded presentations, findings, diagnostics, treatments, and directional differentials; remaining gaps are reported transparently."
DIS-NEUR-CRANIOPHARYNGIOMA,Craniopharyngioma,true,false,,false,0,0,3,0,0,1,transparent unverified status,none,2,"Expanded presentations, findings, diagnostics, treatments, and directional differentials; remaining gaps are reported transparently."
DIS-NEUR-CHIARIMALFORMATION,Chiari malformation,true,false,,false,0,0,3,0,0,1,transparent unverified status,none,2,"Expanded presentations, findings, diagnostics, treatments, and directional differentials; remaining gaps are reported transparently."
DIS-NEUR-DANDYWALKERMALFORMAT,Dandy-Walker malformation,true,false,,false,0,0,3,0,0,1,transparent unverified status,none,2,"Expanded presentations, findings, diagnostics, treatments, and directional differentials; remaining gaps are reported transparently."
