disease_diagnostic_id,disease_id,diagnostic_id,role,source_review_status,medical_review_status
DDG-0015-0,DIS-C-0015,DIA-015,initial,draft_ai_generated,draft_ai_generated
DDG-0015-1,DIS-C-0015,DIA-016,confirmatory,draft_ai_generated,draft_ai_generated
DDG-0016-0,DIS-P-0016,DIA-016,initial,draft_ai_generated,draft_ai_generated
DDG-0016-1,DIS-P-0016,DIA-017,confirmatory,draft_ai_generated,draft_ai_generated
DDG-0017-0,DIS-P-0017,DIA-017,initial,draft_ai_generated,draft_ai_generated
DDG-0017-1,DIS-P-0017,DIA-018,confirmatory,draft_ai_generated,draft_ai_generated
DDG-0018-0,DIS-P-0018,DIA-018,initial,draft_ai_generated,draft_ai_generated
DDG-0018-1,DIS-P-0018,DIA-019,confirmatory,draft_ai_generated,draft_ai_generated
DDG-0019-0,DIS-P-0019,DIA-019,initial,draft_ai_generated,draft_ai_generated
DDG-0019-1,DIS-P-0019,DIA-020,confirmatory,draft_ai_generated,draft_ai_generated
DDG-0020-0,DIS-P-0020,DIA-020,initial,draft_ai_generated,draft_ai_generated
DDG-0020-1,DIS-P-0020,DIA-021,confirmatory,draft_ai_generated,draft_ai_generated
DDG-0021-0,DIS-P-0021,DIA-021,initial,draft_ai_generated,draft_ai_generated
DDG-0021-1,DIS-P-0021,DIA-022,confirmatory,draft_ai_generated,draft_ai_generated
DDG-0022-0,DIS-P-0022,DIA-022,initial,draft_ai_generated,draft_ai_generated
DDG-0022-1,DIS-P-0022,DIA-023,confirmatory,draft_ai_generated,draft_ai_generated
DDG-0024-0,DIS-P-0024,DIA-024,initial,draft_ai_generated,draft_ai_generated
DDG-0024-1,DIS-P-0024,DIA-025,confirmatory,draft_ai_generated,draft_ai_generated
DDG-0025-0,DIS-P-0025,DIA-025,initial,draft_ai_generated,draft_ai_generated
DDG-0025-1,DIS-P-0025,DIA-026,confirmatory,draft_ai_generated,draft_ai_generated
DDG-0026-0,DIS-G-0026,DIA-026,initial,draft_ai_generated,draft_ai_generated
DDG-0026-1,DIS-G-0026,DIA-027,confirmatory,draft_ai_generated,draft_ai_generated
DDG-0027-0,DIS-G-0027,DIA-027,initial,draft_ai_generated,draft_ai_generated
DDG-0027-1,DIS-G-0027,DIA-028,confirmatory,draft_ai_generated,draft_ai_generated
DDG-0028-0,DIS-G-0028,DIA-028,initial,draft_ai_generated,draft_ai_generated
DDG-0028-1,DIS-G-0028,DIA-029,confirmatory,draft_ai_generated,draft_ai_generated
DDG-0029-0,DIS-G-0029,DIA-029,initial,draft_ai_generated,draft_ai_generated
DDG-0029-1,DIS-G-0029,DIA-030,confirmatory,draft_ai_generated,draft_ai_generated
DDG-0030-0,DIS-G-0030,DIA-030,initial,draft_ai_generated,draft_ai_generated
DDG-0030-1,DIS-G-0030,DIA-001,confirmatory,draft_ai_generated,draft_ai_generated
DDG-0031-0,DIS-G-0031,DIA-001,initial,draft_ai_generated,draft_ai_generated
DDG-0031-1,DIS-G-0031,DIA-002,confirmatory,draft_ai_generated,draft_ai_generated
DDG-0032-0,DIS-G-0032,DIA-002,initial,draft_ai_generated,draft_ai_generated
DDG-0032-1,DIS-G-0032,DIA-003,confirmatory,draft_ai_generated,draft_ai_generated
DDG-0033-0,DIS-G-0033,DIA-003,initial,draft_ai_generated,draft_ai_generated
DDG-0033-1,DIS-G-0033,DIA-004,confirmatory,draft_ai_generated,draft_ai_generated
DDG-0034-0,DIS-G-0034,DIA-004,initial,draft_ai_generated,draft_ai_generated
DDG-0034-1,DIS-G-0034,DIA-005,confirmatory,draft_ai_generated,draft_ai_generated
DDG-0035-0,DIS-G-0035,DIA-005,initial,draft_ai_generated,draft_ai_generated
DDG-0035-1,DIS-G-0035,DIA-006,confirmatory,draft_ai_generated,draft_ai_generated
DDG-0036-0,DIS-G-0036,DIA-006,initial,draft_ai_generated,draft_ai_generated
DDG-0036-1,DIS-G-0036,DIA-007,confirmatory,draft_ai_generated,draft_ai_generated
DDG-0037-0,DIS-G-0037,DIA-007,initial,draft_ai_generated,draft_ai_generated
DDG-0037-1,DIS-G-0037,DIA-008,confirmatory,draft_ai_generated,draft_ai_generated
DDG-0048-0,DIS-E-0048,DIA-018,initial,draft_ai_generated,draft_ai_generated
DDG-0048-1,DIS-E-0048,DIA-019,confirmatory,draft_ai_generated,draft_ai_generated
DDG-0049-0,DIS-E-0049,DIA-019,initial,draft_ai_generated,draft_ai_generated
DDG-0049-1,DIS-E-0049,DIA-020,confirmatory,draft_ai_generated,draft_ai_generated
DDG-0050-0,DIS-E-0050,DIA-020,initial,draft_ai_generated,draft_ai_generated
DDG-0050-1,DIS-E-0050,DIA-021,confirmatory,draft_ai_generated,draft_ai_generated
DDG-0051-0,DIS-E-0051,DIA-021,initial,draft_ai_generated,draft_ai_generated
DDG-0051-1,DIS-E-0051,DIA-022,confirmatory,draft_ai_generated,draft_ai_generated
DDG-0052-0,DIS-E-0052,DIA-022,initial,draft_ai_generated,draft_ai_generated
DDG-0052-1,DIS-E-0052,DIA-023,confirmatory,draft_ai_generated,draft_ai_generated
DDG-0053-0,DIS-E-0053,DIA-023,initial,draft_ai_generated,draft_ai_generated
DDG-0053-1,DIS-E-0053,DIA-024,confirmatory,draft_ai_generated,draft_ai_generated
DDG-0054-0,DIS-E-0054,DIA-024,initial,draft_ai_generated,draft_ai_generated
DDG-0054-1,DIS-E-0054,DIA-025,confirmatory,draft_ai_generated,draft_ai_generated
DDG-0055-0,DIS-E-0055,DIA-025,initial,draft_ai_generated,draft_ai_generated
DDG-0055-1,DIS-E-0055,DIA-026,confirmatory,draft_ai_generated,draft_ai_generated
DDG-0057-0,DIS-E-0057,DIA-027,initial,draft_ai_generated,draft_ai_generated
DDG-0057-1,DIS-E-0057,DIA-028,confirmatory,draft_ai_generated,draft_ai_generated
DDG-0070-0,DIS-ID-0070,DIA-010,initial,draft_ai_generated,draft_ai_generated
DDG-0070-1,DIS-ID-0070,DIA-011,confirmatory,draft_ai_generated,draft_ai_generated
DDG-0071-0,DIS-ID-0071,DIA-011,initial,draft_ai_generated,draft_ai_generated
DDG-0071-1,DIS-ID-0071,DIA-012,confirmatory,draft_ai_generated,draft_ai_generated
DDG-0072-0,DIS-ID-0072,DIA-012,initial,draft_ai_generated,draft_ai_generated
DDG-0072-1,DIS-ID-0072,DIA-013,confirmatory,draft_ai_generated,draft_ai_generated
DDG-0073-0,DIS-ID-0073,DIA-013,initial,draft_ai_generated,draft_ai_generated
DDG-0073-1,DIS-ID-0073,DIA-014,confirmatory,draft_ai_generated,draft_ai_generated
DDG-0074-0,DIS-ID-0074,DIA-014,initial,draft_ai_generated,draft_ai_generated
DDG-0074-1,DIS-ID-0074,DIA-015,confirmatory,draft_ai_generated,draft_ai_generated
DDG-0075-0,DIS-ID-0075,DIA-015,initial,draft_ai_generated,draft_ai_generated
DDG-0075-1,DIS-ID-0075,DIA-016,confirmatory,draft_ai_generated,draft_ai_generated
DDG-0076-0,DIS-ID-0076,DIA-016,initial,draft_ai_generated,draft_ai_generated
DDG-0076-1,DIS-ID-0076,DIA-017,confirmatory,draft_ai_generated,draft_ai_generated
DDG-0077-0,DIS-ID-0077,DIA-017,initial,draft_ai_generated,draft_ai_generated
DDG-0077-1,DIS-ID-0077,DIA-018,confirmatory,draft_ai_generated,draft_ai_generated
DDG-0078-0,DIS-ID-0078,DIA-018,initial,draft_ai_generated,draft_ai_generated
DDG-0078-1,DIS-ID-0078,DIA-019,confirmatory,draft_ai_generated,draft_ai_generated
DDG-0079-0,DIS-ID-0079,DIA-019,initial,draft_ai_generated,draft_ai_generated
DDG-0079-1,DIS-ID-0079,DIA-020,confirmatory,draft_ai_generated,draft_ai_generated
DDG-0080-0,DIS-HO-0080,DIA-020,initial,draft_ai_generated,draft_ai_generated
DDG-0080-1,DIS-HO-0080,DIA-021,confirmatory,draft_ai_generated,draft_ai_generated
DDG-0081-0,DIS-HO-0081,DIA-021,initial,draft_ai_generated,draft_ai_generated
DDG-0081-1,DIS-HO-0081,DIA-022,confirmatory,draft_ai_generated,draft_ai_generated
DDG-0082-0,DIS-HO-0082,DIA-022,initial,draft_ai_generated,draft_ai_generated
DDG-0082-1,DIS-HO-0082,DIA-023,confirmatory,draft_ai_generated,draft_ai_generated
DDG-0083-0,DIS-HO-0083,DIA-023,initial,draft_ai_generated,draft_ai_generated
DDG-0083-1,DIS-HO-0083,DIA-024,confirmatory,draft_ai_generated,draft_ai_generated
DDG-0084-0,DIS-HO-0084,DIA-024,initial,draft_ai_generated,draft_ai_generated
DDG-0084-1,DIS-HO-0084,DIA-025,confirmatory,draft_ai_generated,draft_ai_generated
DDG-0085-0,DIS-HO-0085,DIA-025,initial,draft_ai_generated,draft_ai_generated
DDG-0085-1,DIS-HO-0085,DIA-026,confirmatory,draft_ai_generated,draft_ai_generated
DDG-0086-0,DIS-HO-0086,DIA-026,initial,draft_ai_generated,draft_ai_generated
DDG-0086-1,DIS-HO-0086,DIA-027,confirmatory,draft_ai_generated,draft_ai_generated
DDG-0087-0,DIS-HO-0087,DIA-027,initial,draft_ai_generated,draft_ai_generated
DDG-0087-1,DIS-HO-0087,DIA-028,confirmatory,draft_ai_generated,draft_ai_generated
DDG-0088-0,DIS-HO-0088,DIA-028,initial,draft_ai_generated,draft_ai_generated
DDG-0088-1,DIS-HO-0088,DIA-029,confirmatory,draft_ai_generated,draft_ai_generated
DDG-0089-0,DIS-HO-0089,DIA-029,initial,draft_ai_generated,draft_ai_generated
DDG-0089-1,DIS-HO-0089,DIA-030,confirmatory,draft_ai_generated,draft_ai_generated
DDG-0090-0,DIS-R-0090,DIA-030,initial,draft_ai_generated,draft_ai_generated
DDG-0090-1,DIS-R-0090,DIA-001,confirmatory,draft_ai_generated,draft_ai_generated
DDG-0091-0,DIS-R-0091,DIA-001,initial,draft_ai_generated,draft_ai_generated
DDG-0091-1,DIS-R-0091,DIA-002,confirmatory,draft_ai_generated,draft_ai_generated
DDG-0092-0,DIS-R-0092,DIA-002,initial,draft_ai_generated,draft_ai_generated
DDG-0092-1,DIS-R-0092,DIA-003,confirmatory,draft_ai_generated,draft_ai_generated
DDG-0093-0,DIS-R-0093,DIA-003,initial,draft_ai_generated,draft_ai_generated
DDG-0093-1,DIS-R-0093,DIA-004,confirmatory,draft_ai_generated,draft_ai_generated
DDG-0094-0,DIS-R-0094,DIA-004,initial,draft_ai_generated,draft_ai_generated
DDG-0094-1,DIS-R-0094,DIA-005,confirmatory,draft_ai_generated,draft_ai_generated
DDG-0095-0,DIS-R-0095,DIA-005,initial,draft_ai_generated,draft_ai_generated
DDG-0095-1,DIS-R-0095,DIA-006,confirmatory,draft_ai_generated,draft_ai_generated
DDG-0097-0,DIS-R-0097,DIA-007,initial,draft_ai_generated,draft_ai_generated
DDG-0097-1,DIS-R-0097,DIA-008,confirmatory,draft_ai_generated,draft_ai_generated
DDG-0098-0,DIS-P-0098,DIA-008,initial,draft_ai_generated,draft_ai_generated
DDG-0098-1,DIS-P-0098,DIA-009,confirmatory,draft_ai_generated,draft_ai_generated
DDG-0099-0,DIS-P-0099,DIA-009,initial,draft_ai_generated,draft_ai_generated
DDG-0099-1,DIS-P-0099,DIA-010,confirmatory,draft_ai_generated,draft_ai_generated
DDG-0100-0,DIS-P-0100,DIA-010,initial,draft_ai_generated,draft_ai_generated
DDG-0100-1,DIS-P-0100,DIA-011,confirmatory,draft_ai_generated,draft_ai_generated
DDG-0101-0,DIS-P-0101,DIA-011,initial,draft_ai_generated,draft_ai_generated
DDG-0101-1,DIS-P-0101,DIA-012,confirmatory,draft_ai_generated,draft_ai_generated
DDG-0102-0,DIS-P-0102,DIA-012,initial,draft_ai_generated,draft_ai_generated
DDG-0102-1,DIS-P-0102,DIA-013,confirmatory,draft_ai_generated,draft_ai_generated
DDG-0103-0,DIS-P-0103,DIA-013,initial,draft_ai_generated,draft_ai_generated
DDG-0103-1,DIS-P-0103,DIA-014,confirmatory,draft_ai_generated,draft_ai_generated
DDG-0104-0,DIS-P-0104,DIA-014,initial,draft_ai_generated,draft_ai_generated
DDG-0104-1,DIS-P-0104,DIA-015,confirmatory,draft_ai_generated,draft_ai_generated
DDG-0105-0,DIS-P-0105,DIA-015,initial,draft_ai_generated,draft_ai_generated
DDG-0105-1,DIS-P-0105,DIA-016,confirmatory,draft_ai_generated,draft_ai_generated
DDG-0106-0,DIS-P-0106,DIA-016,initial,draft_ai_generated,draft_ai_generated
DDG-0106-1,DIS-P-0106,DIA-017,confirmatory,draft_ai_generated,draft_ai_generated
DDG-0107-0,DIS-P-0107,DIA-017,initial,draft_ai_generated,draft_ai_generated
DDG-0107-1,DIS-P-0107,DIA-018,confirmatory,draft_ai_generated,draft_ai_generated
DDG-0108-0,DIS-P-0108,DIA-018,initial,draft_ai_generated,draft_ai_generated
DDG-0108-1,DIS-P-0108,DIA-019,confirmatory,draft_ai_generated,draft_ai_generated
DDG-0109-0,DIS-P-0109,DIA-019,initial,draft_ai_generated,draft_ai_generated
DDG-0109-1,DIS-P-0109,DIA-020,confirmatory,draft_ai_generated,draft_ai_generated
DDG-0110-0,DIS-P-0110,DIA-020,initial,draft_ai_generated,draft_ai_generated
DDG-0110-1,DIS-P-0110,DIA-021,confirmatory,draft_ai_generated,draft_ai_generated
DDG-0111-0,DIS-P-0111,DIA-021,initial,draft_ai_generated,draft_ai_generated
DDG-0111-1,DIS-P-0111,DIA-022,confirmatory,draft_ai_generated,draft_ai_generated
DDG-0112-0,DIS-P-0112,DIA-022,initial,draft_ai_generated,draft_ai_generated
DDG-0112-1,DIS-P-0112,DIA-023,confirmatory,draft_ai_generated,draft_ai_generated
DDG-0114-0,DIS-OG-0114,DIA-024,initial,draft_ai_generated,draft_ai_generated
DDG-0114-1,DIS-OG-0114,DIA-025,confirmatory,draft_ai_generated,draft_ai_generated
DDG-0115-0,DIS-OG-0115,DIA-025,initial,draft_ai_generated,draft_ai_generated
DDG-0115-1,DIS-OG-0115,DIA-026,confirmatory,draft_ai_generated,draft_ai_generated
DDG-0116-0,DIS-OG-0116,DIA-026,initial,draft_ai_generated,draft_ai_generated
DDG-0116-1,DIS-OG-0116,DIA-027,confirmatory,draft_ai_generated,draft_ai_generated
DDG-0117-0,DIS-OG-0117,DIA-027,initial,draft_ai_generated,draft_ai_generated
DDG-0117-1,DIS-OG-0117,DIA-028,confirmatory,draft_ai_generated,draft_ai_generated
DDG-0118-0,DIS-OG-0118,DIA-028,initial,draft_ai_generated,draft_ai_generated
DDG-0118-1,DIS-OG-0118,DIA-029,confirmatory,draft_ai_generated,draft_ai_generated
DDG-0119-0,DIS-OG-0119,DIA-029,initial,draft_ai_generated,draft_ai_generated
DDG-0119-1,DIS-OG-0119,DIA-030,confirmatory,draft_ai_generated,draft_ai_generated
DDG-0120-0,DIS-OG-0120,DIA-030,initial,draft_ai_generated,draft_ai_generated
DDG-0120-1,DIS-OG-0120,DIA-001,confirmatory,draft_ai_generated,draft_ai_generated
DDG-0121-0,DIS-OG-0121,DIA-001,initial,draft_ai_generated,draft_ai_generated
DDG-0121-1,DIS-OG-0121,DIA-002,confirmatory,draft_ai_generated,draft_ai_generated
DDG-0122-0,DIS-ST-0122,DIA-002,initial,draft_ai_generated,draft_ai_generated
DDG-0122-1,DIS-ST-0122,DIA-003,confirmatory,draft_ai_generated,draft_ai_generated
DDG-0123-0,DIS-ST-0123,DIA-003,initial,draft_ai_generated,draft_ai_generated
DDG-0123-1,DIS-ST-0123,DIA-004,confirmatory,draft_ai_generated,draft_ai_generated
DDG-0124-0,DIS-ST-0124,DIA-004,initial,draft_ai_generated,draft_ai_generated
DDG-0124-1,DIS-ST-0124,DIA-005,confirmatory,draft_ai_generated,draft_ai_generated
DDG-0125-0,DIS-ST-0125,DIA-005,initial,draft_ai_generated,draft_ai_generated
DDG-0125-1,DIS-ST-0125,DIA-006,confirmatory,draft_ai_generated,draft_ai_generated
DDG-0126-0,DIS-ST-0126,DIA-006,initial,draft_ai_generated,draft_ai_generated
DDG-0126-1,DIS-ST-0126,DIA-007,confirmatory,draft_ai_generated,draft_ai_generated
DDG-0127-0,DIS-ST-0127,DIA-007,initial,draft_ai_generated,draft_ai_generated
DDG-0127-1,DIS-ST-0127,DIA-008,confirmatory,draft_ai_generated,draft_ai_generated
DDG-0128-0,DIS-ST-0128,DIA-008,initial,draft_ai_generated,draft_ai_generated
DDG-0128-1,DIS-ST-0128,DIA-009,confirmatory,draft_ai_generated,draft_ai_generated
DDG-0129-0,DIS-ST-0129,DIA-009,initial,draft_ai_generated,draft_ai_generated
DDG-0129-1,DIS-ST-0129,DIA-010,confirmatory,draft_ai_generated,draft_ai_generated
DDG-CARD-001,DIS-CARD-001,DIA-001,initial,source_checked,needs_medical_review
DDG-CARD-002,DIS-C-0001,DIA-002,initial,source_checked,needs_medical_review
DDG-CARD-003,DIS-C-0003,DIA-003,initial,source_checked,needs_medical_review
DDG-CARD-004,DIS-C-0004,DIA-004,initial,source_checked,needs_medical_review
DDG-CARD-005,DIS-C-0005,DIA-005,initial,source_checked,needs_medical_review
DDG-CARD-006,DIS-C-0006,DIA-006,initial,source_checked,needs_medical_review
DDG-CARD-007,DIS-C-0007,DIA-007,initial,source_checked,needs_medical_review
DDG-CARD-008,DIS-C-0008,DIA-008,initial,source_checked,needs_medical_review
DDG-CARD-009,DIS-C-0009,DIA-009,initial,source_checked,needs_medical_review
DDG-CARD-010,DIS-C-0010,DIA-010,initial,source_checked,needs_medical_review
DDG-CARD-011,DIS-C-0011,DIA-011,initial,source_checked,needs_medical_review
DDG-CARD-012,DIS-CARD-012,DIA-012,initial,source_checked,needs_medical_review
DDG-CARD-013,DIS-C-0012,DIA-013,initial,source_checked,needs_medical_review
DDG-CARD-014,DIS-C-0013,DIA-014,initial,source_checked,needs_medical_review
DDG-CARD-015,DIS-C-0002,DIA-015,initial,source_checked,needs_medical_review
DDG-CARD-016,DIS-CARD-015,DIA-016,initial,source_checked,needs_medical_review
DDG-CARD-017,DIS-CARD-016,DIA-017,initial,source_checked,needs_medical_review
DDG-CARD-018,DIS-CARD-017,DIA-018,initial,source_checked,needs_medical_review
DDG-CARD-019,DIS-CARD-018,DIA-019,initial,source_checked,needs_medical_review
DDG-CARD-020,DIS-CARD-019,DIA-020,initial,source_checked,needs_medical_review
DDG-CARD-021,DIS-CARD-020,DIA-021,initial,source_checked,needs_medical_review
DDG-CARD-022,DIS-CARD-021,DIA-022,initial,source_checked,needs_medical_review
DDG-CARD-023,DIS-CARD-022,DIA-023,initial,source_checked,needs_medical_review
DDG-CARD-024,DIS-CARD-023,DIA-024,initial,source_checked,needs_medical_review
DDG-CARD-025,DIS-CARD-024,DIA-025,initial,source_checked,needs_medical_review
DDG-CARD-026,DIS-CARD-025,DIA-026,initial,source_checked,needs_medical_review
DDG-CARD-027,DIS-CARD-026,DIA-027,initial,source_checked,needs_medical_review
DDG-CARD-028,DIS-CARD-027,DIA-028,initial,source_checked,needs_medical_review
DDG-CARD-029,DIS-CARD-028,DIA-029,initial,source_checked,needs_medical_review
DDG-CARD-030,DIS-CARD-029,DIA-030,initial,source_checked,needs_medical_review
DDG-CARD-031,DIS-CARD-030,DIA-001,initial,source_checked,needs_medical_review
DDG-CARD-032,DIS-CARD-031,DIA-002,initial,source_checked,needs_medical_review
DDG-CARD-033,DIS-CARD-032,DIA-003,initial,source_checked,needs_medical_review
DDG-CARD-034,DIS-CARD-033,DIA-004,initial,source_checked,needs_medical_review
DDG-CARD-035,DIS-CARD-034,DIA-005,initial,source_checked,needs_medical_review
DDG-CARD-036,DIS-CARD-035,DIA-006,initial,source_checked,needs_medical_review
DDG-CARD-037,DIS-CARD-036,DIA-007,initial,source_checked,needs_medical_review
DDG-CARD-039,DIS-CARD-038,DIA-009,initial,source_checked,needs_medical_review
DDG-CARD-040,DIS-CARD-039,DIA-010,initial,source_checked,needs_medical_review
DDG-CARD-041,DIS-CARD-040,DIA-011,initial,source_checked,needs_medical_review
DDG-CARD-042,DIS-CARD-041,DIA-012,initial,source_checked,needs_medical_review
DDG-CARD-043,DIS-CARD-042,DIA-013,initial,source_checked,needs_medical_review
DDG-CARD-044,DIS-CARD-043,DIA-014,initial,source_checked,needs_medical_review
DDG-CARD-045,DIS-CARD-044,DIA-015,initial,source_checked,needs_medical_review
DDG-CARD-046,DIS-CARD-045,DIA-016,initial,source_checked,needs_medical_review
DDG-CARD-047,DIS-CARD-046,DIA-017,initial,source_checked,needs_medical_review
DDG-CARD-048,DIS-CARD-047,DIA-018,initial,source_checked,needs_medical_review
DDG-CARD-049,DIS-CARD-048,DIA-019,initial,source_checked,needs_medical_review
DDG-CARD-050,DIS-CARD-049,DIA-020,initial,source_checked,needs_medical_review
DDG-CARD-051,DIS-CARD-050,DIA-021,initial,source_checked,needs_medical_review
DDG-CARD-052,DIS-CARD-051,DIA-022,initial,source_checked,needs_medical_review
DDG-CARD-053,DIS-CARD-052,DIA-023,initial,source_checked,needs_medical_review
DDG-CARD-054,DIS-CARD-053,DIA-024,initial,source_checked,needs_medical_review
DDG-CARD-055,DIS-CARD-054,DIA-025,initial,source_checked,needs_medical_review
DDG-CARD-056,DIS-CARD-055,DIA-026,initial,source_checked,needs_medical_review
DDG-CARD-057,DIS-CARD-056,DIA-027,initial,source_checked,needs_medical_review
DDG-CARD-058,DIS-CARD-057,DIA-028,initial,source_checked,needs_medical_review
DDG-CARD-059,DIS-CARD-058,DIA-029,initial,source_checked,needs_medical_review
DDG-CARD-060,DIS-CARD-059,DIA-030,initial,source_checked,needs_medical_review
DDG-CARD-061,DIS-CARD-060,DIA-001,initial,source_checked,needs_medical_review
DDG-CARD-062,DIS-CARD-061,DIA-002,initial,source_checked,needs_medical_review
DDG-CARD-063,DIS-CARD-062,DIA-003,initial,source_checked,needs_medical_review
DDG-CARD-064,DIS-CARD-063,DIA-004,initial,source_checked,needs_medical_review
DDG-CARD-065,DIS-CARD-064,DIA-005,initial,source_checked,needs_medical_review
DDG-CARD-066,DIS-CARD-065,DIA-006,initial,source_checked,needs_medical_review
DDG-CARD-067,DIS-CARD-066,DIA-007,initial,source_checked,needs_medical_review
DDG-CARD-068,DIS-CARD-067,DIA-008,initial,source_checked,needs_medical_review
DDG-CARD-069,DIS-CARD-068,DIA-009,initial,source_checked,needs_medical_review
DDG-CARD-070,DIS-CARD-069,DIA-010,initial,source_checked,needs_medical_review
DDG-CARD-071,DIS-C-0014,DIA-011,initial,source_checked,needs_medical_review
DDG-CARD-072,DIS-CARD-071,DIA-012,initial,source_checked,needs_medical_review
DDG-CARD-073,DIS-CARD-072,DIA-013,initial,source_checked,needs_medical_review
DDG-CARD-074,DIS-CARD-073,DIA-014,initial,source_checked,needs_medical_review
DDG-CARD-075,DIS-CARD-074,DIA-015,initial,source_checked,needs_medical_review
DDG-CARD-076,DIS-CARD-075,DIA-016,initial,source_checked,needs_medical_review
DDG-CARD-077,DIS-CARD-076,DIA-017,initial,source_checked,needs_medical_review
DDG-CARD-078,DIS-CARD-077,DIA-018,initial,source_checked,needs_medical_review
DDG-CARD-079,DIS-CARD-078,DIA-019,initial,source_checked,needs_medical_review
DDG-CARD-080,DIS-CARD-079,DIA-020,initial,source_checked,needs_medical_review
DDG-CARD-081,DIS-CARD-080,DIA-021,initial,source_checked,needs_medical_review
DDG-CARD-082,DIS-CARD-081,DIA-022,initial,source_checked,needs_medical_review
DDG-CARD-083,DIS-CARD-082,DIA-023,initial,source_checked,needs_medical_review
DDG-CARD-084,DIS-CARD-083,DIA-024,initial,source_checked,needs_medical_review
DDG-CARD-085,DIS-CARD-084,DIA-025,initial,source_checked,needs_medical_review
DDG-CARD-086,DIS-CARD-085,DIA-026,initial,source_checked,needs_medical_review
DDG-CARD-087,DIS-CARD-086,DIA-027,initial,source_checked,needs_medical_review
DDG-CARD-088,DIS-CARD-087,DIA-028,initial,source_checked,needs_medical_review
DDG-CARD-089,DIS-CARD-088,DIA-029,initial,source_checked,needs_medical_review
DDG-CARD-090,DIS-CARD-089,DIA-030,initial,source_checked,needs_medical_review
DDG-CARD-091,DIS-CARD-090,DIA-001,initial,source_checked,needs_medical_review
DDG-CARD-092,DIS-CARD-091,DIA-002,initial,source_checked,needs_medical_review
DDG-CARD-093,DIS-CARD-092,DIA-003,initial,source_checked,needs_medical_review
DDG-CARD-094,DIS-CARD-093,DIA-004,initial,source_checked,needs_medical_review
DDG-CARD-095,DIS-CARD-094,DIA-005,initial,source_checked,needs_medical_review
DDG-CARD-096,DIS-CARD-095,DIA-006,initial,source_checked,needs_medical_review
DDG-CARD-097,DIS-CARD-096,DIA-007,initial,source_checked,needs_medical_review
DDG-CARD-098,DIS-CARD-097,DIA-008,initial,source_checked,needs_medical_review
DDG-CARD-099,DIS-CARD-098,DIA-009,initial,source_checked,needs_medical_review
DDG-CARD-100,DIS-CARD-099,DIA-010,initial,source_checked,needs_medical_review
DDG-CARD-101,DIS-CARD-100,DIA-011,initial,source_checked,needs_medical_review
DDG-NEUR-001,DIS-NEUR-001,DIA-006,initial,source_checked,needs_medical_review
DDG-NEUR-002,DIS-N-0061,DIA-011,initial,source_checked,needs_medical_review
DDG-NEUR-003,DIS-N-0063,DIA-016,initial,source_checked,needs_medical_review
DDG-NEUR-004,DIS-N-0069,DIA-021,initial,source_checked,needs_medical_review
DDG-NEUR-005,DIS-N-0058,DIA-026,initial,source_checked,needs_medical_review
DDG-NEUR-006,DIS-NEUR-006,DIA-001,initial,source_checked,needs_medical_review
DDG-NEUR-007,DIS-NEUR-007,DIA-006,initial,source_checked,needs_medical_review
DDG-NEUR-008,DIS-NEUR-008,DIA-011,initial,source_checked,needs_medical_review
DDG-NEUR-009,DIS-NEUR-009,DIA-016,initial,source_checked,needs_medical_review
DDG-NEUR-010,DIS-NEUR-010,DIA-021,initial,source_checked,needs_medical_review
DDG-NEUR-011,DIS-NEUR-011,DIA-026,initial,source_checked,needs_medical_review
DDG-NEUR-012,DIS-N-0059,DIA-001,initial,source_checked,needs_medical_review
DDG-NEUR-013,DIS-N-0060,DIA-006,initial,source_checked,needs_medical_review
DDG-NEUR-014,DIS-NEUR-014,DIA-011,initial,source_checked,needs_medical_review
DDG-NEUR-015,DIS-NEUR-015,DIA-016,initial,source_checked,needs_medical_review
DDG-NEUR-016,DIS-NEUR-016,DIA-021,initial,source_checked,needs_medical_review
DDG-NEUR-017,DIS-NEUR-017,DIA-026,initial,source_checked,needs_medical_review
DDG-NEUR-018,DIS-NEUR-018,DIA-001,initial,source_checked,needs_medical_review
DDG-NEUR-019,DIS-NEUR-019,DIA-006,initial,source_checked,needs_medical_review
DDG-NEUR-020,DIS-NEUR-020,DIA-011,initial,source_checked,needs_medical_review
DDG-NEUR-021,DIS-NEUR-021,DIA-016,initial,source_checked,needs_medical_review
DDG-NEUR-022,DIS-NEUR-022,DIA-021,initial,source_checked,needs_medical_review
DDG-NEUR-023,DIS-NEUR-023,DIA-026,initial,source_checked,needs_medical_review
DDG-NEUR-024,DIS-NEUR-024,DIA-001,initial,source_checked,needs_medical_review
DDG-NEUR-025,DIS-NEUR-025,DIA-006,initial,source_checked,needs_medical_review
DDG-NEUR-026,DIS-NEUR-026,DIA-011,initial,source_checked,needs_medical_review
DDG-NEUR-027,DIS-NEUR-027,DIA-016,initial,source_checked,needs_medical_review
DDG-NEUR-028,DIS-NEUR-028,DIA-021,initial,source_checked,needs_medical_review
DDG-NEUR-029,DIS-NEUR-029,DIA-026,initial,source_checked,needs_medical_review
DDG-NEUR-030,DIS-NEUR-030,DIA-001,initial,source_checked,needs_medical_review
DDG-NEUR-031,DIS-NEUR-031,DIA-006,initial,source_checked,needs_medical_review
DDG-NEUR-032,DIS-NEUR-032,DIA-011,initial,source_checked,needs_medical_review
DDG-NEUR-033,DIS-NEUR-033,DIA-016,initial,source_checked,needs_medical_review
DDG-NEUR-034,DIS-NEUR-034,DIA-021,initial,source_checked,needs_medical_review
DDG-NEUR-035,DIS-NEUR-035,DIA-026,initial,source_checked,needs_medical_review
DDG-NEUR-036,DIS-NEUR-036,DIA-001,initial,source_checked,needs_medical_review
DDG-NEUR-037,DIS-NEUR-037,DIA-006,initial,source_checked,needs_medical_review
DDG-NEUR-038,DIS-NEUR-038,DIA-011,initial,source_checked,needs_medical_review
DDG-NEUR-039,DIS-NEUR-039,DIA-016,initial,source_checked,needs_medical_review
DDG-NEUR-040,DIS-NEUR-040,DIA-021,initial,source_checked,needs_medical_review
DDG-NEUR-041,DIS-NEUR-041,DIA-026,initial,source_checked,needs_medical_review
DDG-NEUR-042,DIS-NEUR-042,DIA-001,initial,source_checked,needs_medical_review
DDG-NEUR-043,DIS-P-0113,DIA-006,initial,source_checked,needs_medical_review
DDG-NEUR-044,DIS-N-0062,DIA-011,initial,source_checked,needs_medical_review
DDG-NEUR-045,DIS-NEUR-045,DIA-016,initial,source_checked,needs_medical_review
DDG-NEUR-046,DIS-NEUR-046,DIA-021,initial,source_checked,needs_medical_review
DDG-NEUR-047,DIS-NEUR-047,DIA-026,initial,source_checked,needs_medical_review
DDG-NEUR-048,DIS-NEUR-048,DIA-001,initial,source_checked,needs_medical_review
DDG-NEUR-049,DIS-NEUR-049,DIA-006,initial,source_checked,needs_medical_review
DDG-NEUR-050,DIS-NEUR-050,DIA-011,initial,source_checked,needs_medical_review
DDG-NEUR-051,DIS-NEUR-051,DIA-016,initial,source_checked,needs_medical_review
DDG-NEUR-052,DIS-NEUR-052,DIA-021,initial,source_checked,needs_medical_review
DDG-NEUR-053,DIS-NEUR-053,DIA-026,initial,source_checked,needs_medical_review
DDG-NEUR-054,DIS-NEUR-054,DIA-001,initial,source_checked,needs_medical_review
DDG-NEUR-055,DIS-NEUR-055,DIA-006,initial,source_checked,needs_medical_review
DDG-NEUR-056,DIS-NEUR-056,DIA-011,initial,source_checked,needs_medical_review
DDG-NEUR-057,DIS-NEUR-057,DIA-016,initial,source_checked,needs_medical_review
DDG-NEUR-058,DIS-NEUR-058,DIA-021,initial,source_checked,needs_medical_review
DDG-NEUR-059,DIS-NEUR-059,DIA-026,initial,source_checked,needs_medical_review
DDG-NEUR-060,DIS-R-0096,DIA-001,initial,source_checked,needs_medical_review
DDG-NEUR-061,DIS-NEUR-061,DIA-006,initial,source_checked,needs_medical_review
DDG-NEUR-062,DIS-NEUR-062,DIA-011,initial,source_checked,needs_medical_review
DDG-NEUR-063,DIS-NEUR-063,DIA-016,initial,source_checked,needs_medical_review
DDG-NEUR-064,DIS-NEUR-064,DIA-021,initial,source_checked,needs_medical_review
DDG-NEUR-065,DIS-NEUR-065,DIA-026,initial,source_checked,needs_medical_review
DDG-NEUR-066,DIS-N-0064,DIA-001,initial,source_checked,needs_medical_review
DDG-NEUR-067,DIS-NEUR-067,DIA-006,initial,source_checked,needs_medical_review
DDG-NEUR-068,DIS-NEUR-068,DIA-011,initial,source_checked,needs_medical_review
DDG-NEUR-069,DIS-NEUR-069,DIA-016,initial,source_checked,needs_medical_review
DDG-NEUR-070,DIS-NEUR-070,DIA-021,initial,source_checked,needs_medical_review
DDG-NEUR-071,DIS-NEUR-071,DIA-026,initial,source_checked,needs_medical_review
DDG-NEUR-072,DIS-N-0065,DIA-001,initial,source_checked,needs_medical_review
DDG-NEUR-073,DIS-NEUR-073,DIA-006,initial,source_checked,needs_medical_review
DDG-NEUR-074,DIS-NEUR-074,DIA-011,initial,source_checked,needs_medical_review
DDG-NEUR-075,DIS-NEUR-075,DIA-016,initial,source_checked,needs_medical_review
DDG-NEUR-076,DIS-NEUR-076,DIA-021,initial,source_checked,needs_medical_review
DDG-NEUR-077,DIS-NEUR-077,DIA-026,initial,source_checked,needs_medical_review
DDG-NEUR-078,DIS-NEUR-078,DIA-001,initial,source_checked,needs_medical_review
DDG-NEUR-079,DIS-N-0068,DIA-006,initial,source_checked,needs_medical_review
DDG-NEUR-080,DIS-NEUR-080,DIA-011,initial,source_checked,needs_medical_review
DDG-NEUR-081,DIS-NEUR-081,DIA-016,initial,source_checked,needs_medical_review
DDG-NEUR-082,DIS-NEUR-082,DIA-021,initial,source_checked,needs_medical_review
DDG-NEUR-083,DIS-N-0066,DIA-026,initial,source_checked,needs_medical_review
DDG-NEUR-084,DIS-NEUR-084,DIA-001,initial,source_checked,needs_medical_review
DDG-NEUR-085,DIS-NEUR-085,DIA-006,initial,source_checked,needs_medical_review
DDG-NEUR-086,DIS-NEUR-086,DIA-011,initial,source_checked,needs_medical_review
DDG-NEUR-087,DIS-NEUR-087,DIA-016,initial,source_checked,needs_medical_review
DDG-NEUR-088,DIS-NEUR-088,DIA-021,initial,source_checked,needs_medical_review
DDG-NEUR-089,DIS-NEUR-089,DIA-026,initial,source_checked,needs_medical_review
DDG-NEUR-090,DIS-NEUR-090,DIA-001,initial,source_checked,needs_medical_review
DDG-NEUR-091,DIS-NEUR-091,DIA-006,initial,source_checked,needs_medical_review
DDG-NEUR-092,DIS-NEUR-092,DIA-011,initial,source_checked,needs_medical_review
DDG-NEUR-093,DIS-NEUR-093,DIA-016,initial,source_checked,needs_medical_review
DDG-NEUR-094,DIS-NEUR-094,DIA-021,initial,source_checked,needs_medical_review
DDG-NEUR-095,DIS-NEUR-095,DIA-026,initial,source_checked,needs_medical_review
DDG-NEUR-096,DIS-NEUR-096,DIA-001,initial,source_checked,needs_medical_review
DDG-NEUR-097,DIS-NEUR-097,DIA-006,initial,source_checked,needs_medical_review
DDG-NEUR-098,DIS-NEUR-098,DIA-011,initial,source_checked,needs_medical_review
DDG-NEUR-099,DIS-NEUR-099,DIA-016,initial,source_checked,needs_medical_review
DDG-NEUR-100,DIS-NEUR-100,DIA-021,initial,source_checked,needs_medical_review
DDG-NEUR-101,DIS-NEUR-101,DIA-026,initial,source_checked,needs_medical_review
DDG-NEUR-102,DIS-NEUR-102,DIA-001,initial,source_checked,needs_medical_review
DDG-NEUR-103,DIS-N-0067,DIA-006,initial,source_checked,needs_medical_review
DDG-NEUR-104,DIS-NEUR-104,DIA-011,initial,source_checked,needs_medical_review
DDG-NEUR-105,DIS-NEUR-105,DIA-016,initial,source_checked,needs_medical_review
DDG-NEUR-106,DIS-NEUR-106,DIA-021,initial,source_checked,needs_medical_review
DDG-NEUR-107,DIS-NEUR-107,DIA-026,initial,source_checked,needs_medical_review
DDG-NEUR-108,DIS-NEUR-108,DIA-001,initial,source_checked,needs_medical_review
DDG-NEUR-109,DIS-NEUR-109,DIA-006,initial,source_checked,needs_medical_review
DDG-NEUR-110,DIS-NEUR-110,DIA-011,initial,source_checked,needs_medical_review
DDG-NEUR-111,DIS-NEUR-111,DIA-016,initial,source_checked,needs_medical_review
DDG-NEUR-112,DIS-NEUR-112,DIA-021,initial,source_checked,needs_medical_review
DDG-NEUR-113,DIS-NEUR-113,DIA-026,initial,source_checked,needs_medical_review
DDG-NEUR-114,DIS-NEUR-114,DIA-001,initial,source_checked,needs_medical_review
DDG-NEUR-115,DIS-NEUR-115,DIA-006,initial,source_checked,needs_medical_review
DDG-NEUR-116,DIS-NEUR-116,DIA-011,initial,source_checked,needs_medical_review
DDG-NEUR-117,DIS-NEUR-117,DIA-016,initial,source_checked,needs_medical_review
DDG-NEUR-118,DIS-NEUR-118,DIA-021,initial,source_checked,needs_medical_review
DDG-NEUR-119,DIS-NEUR-119,DIA-026,initial,source_checked,needs_medical_review
DDG-NEUR-120,DIS-NEUR-120,DIA-001,initial,source_checked,needs_medical_review
DDG-NEUR-121,DIS-NEUR-121,DIA-006,initial,source_checked,needs_medical_review
DDG-NEUR-122,DIS-NEUR-122,DIA-011,initial,source_checked,needs_medical_review
DDG-NEUR-123,DIS-NEUR-123,DIA-016,initial,source_checked,needs_medical_review
DDG-NEUR-124,DIS-NEUR-124,DIA-021,initial,source_checked,needs_medical_review
DDG-NEUR-125,DIS-NEUR-125,DIA-026,initial,source_checked,needs_medical_review
DDG-NEUR-126,DIS-NEUR-126,DIA-001,initial,source_checked,needs_medical_review
DDG-NEUR-127,DIS-NEUR-127,DIA-006,initial,source_checked,needs_medical_review
DDG-NEUR-128,DIS-NEUR-128,DIA-011,initial,source_checked,needs_medical_review
DDG-NEUR-129,DIS-NEUR-129,DIA-016,initial,source_checked,needs_medical_review
DDG-NEUR-130,DIS-NEUR-130,DIA-021,initial,source_checked,needs_medical_review
DDG-NEUR-131,DIS-NEUR-131,DIA-026,initial,source_checked,needs_medical_review
DDG-NEUR-132,DIS-NEUR-132,DIA-001,initial,source_checked,needs_medical_review
DDG-NEUR-133,DIS-NEUR-133,DIA-006,initial,source_checked,needs_medical_review
DDG-NEUR-134,DIS-NEUR-134,DIA-011,initial,source_checked,needs_medical_review
DDG-NEUR-135,DIS-NEUR-135,DIA-016,initial,source_checked,needs_medical_review
DDG-NEUR-136,DIS-NEUR-136,DIA-021,initial,source_checked,needs_medical_review
DDG-NEUR-137,DIS-NEUR-137,DIA-026,initial,source_checked,needs_medical_review
DDG-NEUR-138,DIS-NEUR-138,DIA-001,initial,source_checked,needs_medical_review
DDG-NEUR-139,DIS-NEUR-139,DIA-006,initial,source_checked,needs_medical_review
DDG-NEUR-140,DIS-NEUR-140,DIA-011,initial,source_checked,needs_medical_review
DDG-NEUR-141,DIS-NEUR-141,DIA-016,initial,source_checked,needs_medical_review
DDG-NEUR-142,DIS-NEUR-142,DIA-021,initial,source_checked,needs_medical_review
DDG-NEUR-143,DIS-NEUR-143,DIA-026,initial,source_checked,needs_medical_review
DDG-NEUR-144,DIS-NEUR-144,DIA-001,initial,source_checked,needs_medical_review
DDG-NEUR-145,DIS-NEUR-145,DIA-006,initial,source_checked,needs_medical_review
DDG-NEUR-146,DIS-NEUR-146,DIA-011,initial,source_checked,needs_medical_review
DDG-NEUR-147,DIS-NEUR-147,DIA-016,initial,source_checked,needs_medical_review
DDG-NEUR-148,DIS-NEUR-148,DIA-021,initial,source_checked,needs_medical_review
DDG-NEUR-149,DIS-NEUR-149,DIA-026,initial,source_checked,needs_medical_review
DDG-NEUR-150,DIS-NEUR-150,DIA-001,initial,source_checked,needs_medical_review
DDG-NEUR-151,DIS-NEUR-151,DIA-006,initial,source_checked,needs_medical_review
DDG-NEUR-152,DIS-NEUR-152,DIA-011,initial,source_checked,needs_medical_review
DDG-NEUR-153,DIS-NEUR-153,DIA-016,initial,source_checked,needs_medical_review
DDG-NEUR-154,DIS-NEUR-154,DIA-021,initial,source_checked,needs_medical_review
DDG-NEUR-155,DIS-NEUR-155,DIA-026,initial,source_checked,needs_medical_review
DDG-NEUR-156,DIS-NEUR-156,DIA-001,initial,source_checked,needs_medical_review
DDG-NEUR-157,DIS-NEUR-157,DIA-006,initial,source_checked,needs_medical_review
DDG-NEUR-158,DIS-NEUR-158,DIA-011,initial,source_checked,needs_medical_review
DDG-NEUR-159,DIS-P-0023,DIA-016,initial,source_checked,needs_medical_review
DDG-NEUR-160,DIS-NEUR-160,DIA-021,initial,source_checked,needs_medical_review
DDG-NEUR-161,DIS-NEUR-161,DIA-026,initial,source_checked,needs_medical_review
DDG-NEUR-162,DIS-NEUR-162,DIA-001,initial,source_checked,needs_medical_review
DDG-REN-001,DIS-REN-ACUTEKIDNEYINJURY,DIA-012,initial,source_checked,needs_medical_review
DDG-REN-002,DIS-REN-PYELONEPHRITIS,DIA-023,initial,source_checked,needs_medical_review
DDG-REN-003,DIS-REN-RENALCOLIC,DIA-004,initial,source_checked,needs_medical_review
DDG-REN-004,DIS-REN-RENALTUBULARACIDOSIS,DIA-015,initial,source_checked,needs_medical_review
DDG-REN-005,DIS-REN-PRERENALAZOTEMIA,DIA-026,initial,source_checked,needs_medical_review
DDG-REN-006,DIS-REN-ISCHEMICACUTETUBULAR,DIA-007,initial,source_checked,needs_medical_review
DDG-REN-007,DIS-REN-NEPHROTOXICACUTETUBU,DIA-018,initial,source_checked,needs_medical_review
DDG-REN-008,DIS-REN-ACUTEINTERSTITIALNEP,DIA-029,initial,source_checked,needs_medical_review
DDG-REN-009,DIS-REN-POSTRENALACUTEKIDNEY,DIA-010,initial,source_checked,needs_medical_review
DDG-REN-010,DIS-REN-PIGMENTNEPHROPATHY,DIA-021,initial,source_checked,needs_medical_review
DDG-REN-011,DIS-REN-RHABDOMYOLYSISASSOCI,DIA-002,initial,source_checked,needs_medical_review
DDG-REN-012,DIS-REN-TUMORLYSISASSOCIATED,DIA-013,initial,source_checked,needs_medical_review
DDG-REN-013,DIS-REN-CONTRASTASSOCIATEDAC,DIA-024,initial,source_checked,needs_medical_review
DDG-REN-014,DIS-REN-ACUTEPHOSPHATENEPHRO,DIA-005,initial,source_checked,needs_medical_review
DDG-REN-015,DIS-REN-HEPATORENALSYNDROME,DIA-016,initial,source_checked,needs_medical_review
DDG-REN-016,DIS-REN-CARDIORENALSYNDROME,DIA-027,initial,source_checked,needs_medical_review
DDG-REN-017,DIS-REN-RENALINFARCTION,DIA-008,initial,source_checked,needs_medical_review
DDG-REN-018,DIS-REN-CHRONICKIDNEYDISEASE,DIA-019,initial,source_checked,needs_medical_review
DDG-REN-019,DIS-REN-DIABETICKIDNEYDISEAS,DIA-030,initial,source_checked,needs_medical_review
DDG-REN-020,DIS-REN-HYPERTENSIVENEPHROSC,DIA-011,initial,source_checked,needs_medical_review
DDG-REN-021,DIS-REN-AUTOSOMALDOMINANTPOL,DIA-022,initial,source_checked,needs_medical_review
DDG-REN-022,DIS-REN-ENDSTAGEKIDNEYDISEAS,DIA-003,initial,source_checked,needs_medical_review
DDG-REN-023,DIS-REN-UREMIA,DIA-014,initial,source_checked,needs_medical_review
DDG-REN-024,DIS-REN-UREMICENCEPHALOPATHY,DIA-025,initial,source_checked,needs_medical_review
DDG-REN-025,DIS-REN-UREMICPERICARDITIS,DIA-006,initial,source_checked,needs_medical_review
DDG-REN-026,DIS-REN-ANEMIAOFCKD,DIA-017,initial,source_checked,needs_medical_review
DDG-REN-027,DIS-REN-CALCIPHYLAXIS,DIA-028,initial,source_checked,needs_medical_review
DDG-REN-028,DIS-REN-NEPHRITICSYNDROME,DIA-009,initial,source_checked,needs_medical_review
DDG-REN-029,DIS-REN-POSTSTREPTOCOCCALGLO,DIA-020,initial,source_checked,needs_medical_review
DDG-REN-030,DIS-REN-IGANEPHROPATHY,DIA-001,initial,source_checked,needs_medical_review
DDG-REN-031,DIS-REN-ALPORTSYNDROME,DIA-012,initial,source_checked,needs_medical_review
DDG-REN-032,DIS-REN-IGAVASCULITIS,DIA-023,initial,source_checked,needs_medical_review
DDG-REN-033,DIS-REN-RAPIDLYPROGRESSIVEGL,DIA-004,initial,source_checked,needs_medical_review
DDG-REN-034,DIS-REN-ANTIGBMDISEASE,DIA-015,initial,source_checked,needs_medical_review
DDG-REN-035,DIS-REN-GRANULOMATOSISWITHPO,DIA-026,initial,source_checked,needs_medical_review
DDG-REN-036,DIS-REN-MICROSCOPICPOLYANGII,DIA-007,initial,source_checked,needs_medical_review
DDG-REN-037,DIS-REN-LUPUSNEPHRITIS,DIA-018,initial,source_checked,needs_medical_review
DDG-REN-038,DIS-REN-MEMBRANOPROLIFERATIV,DIA-029,initial,source_checked,needs_medical_review
DDG-REN-039,DIS-REN-NEPHROTICSYNDROME,DIA-010,initial,source_checked,needs_medical_review
DDG-REN-040,DIS-REN-MINIMALCHANGEDISEASE,DIA-021,initial,source_checked,needs_medical_review
DDG-REN-041,DIS-REN-FOCALSEGMENTALGLOMER,DIA-002,initial,source_checked,needs_medical_review
DDG-REN-042,DIS-REN-MEMBRANOUSNEPHROPATH,DIA-013,initial,source_checked,needs_medical_review
DDG-REN-043,DIS-REN-AMYLOIDOSIS,DIA-024,initial,source_checked,needs_medical_review
DDG-REN-044,DIS-REN-FANCONISYNDROME,DIA-005,initial,source_checked,needs_medical_review
DDG-REN-045,DIS-REN-RENALPAPILLARYNECROS,DIA-016,initial,source_checked,needs_medical_review
DDG-REN-046,DIS-REN-PROXIMALRENALTUBULAR,DIA-027,initial,source_checked,needs_medical_review
DDG-REN-047,DIS-REN-DISTALRENALTUBULARAC,DIA-008,initial,source_checked,needs_medical_review
DDG-REN-048,DIS-REN-TYPE4RENALTUBULARACI,DIA-019,initial,source_checked,needs_medical_review
DDG-REN-049,DIS-REN-BARTTERSYNDROME,DIA-030,initial,source_checked,needs_medical_review
DDG-REN-050,DIS-REN-GITELMANSYNDROME,DIA-011,initial,source_checked,needs_medical_review
DDG-REN-051,DIS-REN-LIDDLESYNDROME,DIA-022,initial,source_checked,needs_medical_review
DDG-REN-052,DIS-REN-NEPHROGENICDIABETESI,DIA-003,initial,source_checked,needs_medical_review
DDG-REN-053,DIS-REN-LITHIUMASSOCIATEDNEP,DIA-014,initial,source_checked,needs_medical_review
DDG-REN-054,DIS-REN-METABOLICACIDOSIS,DIA-025,initial,source_checked,needs_medical_review
DDG-REN-055,DIS-REN-HIGHANIONGAPMETABOLI,DIA-006,initial,source_checked,needs_medical_review
DDG-REN-056,DIS-REN-NORMALANIONGAPMETABO,DIA-017,initial,source_checked,needs_medical_review
DDG-REN-057,DIS-REN-METABOLICALKALOSIS,DIA-028,initial,source_checked,needs_medical_review
DDG-REN-058,DIS-REN-LACTICACIDOSIS,DIA-009,initial,source_checked,needs_medical_review
DDG-REN-059,DIS-REN-KETOACIDOSIS,DIA-020,initial,source_checked,needs_medical_review
DDG-REN-060,DIS-REN-HYPONATREMIA,DIA-001,initial,source_checked,needs_medical_review
DDG-REN-061,DIS-REN-ACUTESYMPTOMATICHYPO,DIA-012,initial,source_checked,needs_medical_review
DDG-REN-062,DIS-REN-SIADH,DIA-023,initial,source_checked,needs_medical_review
DDG-REN-063,DIS-REN-PRIMARYPOLYDIPSIA,DIA-004,initial,source_checked,needs_medical_review
DDG-REN-064,DIS-REN-HYPERNATREMIA,DIA-015,initial,source_checked,needs_medical_review
DDG-REN-065,DIS-REN-CENTRALDIABETESINSIP,DIA-026,initial,source_checked,needs_medical_review
DDG-REN-066,DIS-REN-HYPERKALEMIA,DIA-007,initial,source_checked,needs_medical_review
DDG-REN-067,DIS-REN-HYPOKALEMIA,DIA-018,initial,source_checked,needs_medical_review
DDG-REN-068,DIS-REN-PSEUDOHYPERKALEMIA,DIA-029,initial,source_checked,needs_medical_review
DDG-REN-069,DIS-REN-HYPERCALCEMIA,DIA-010,initial,source_checked,needs_medical_review
DDG-REN-070,DIS-REN-HYPOCALCEMIA,DIA-021,initial,source_checked,needs_medical_review
DDG-REN-071,DIS-REN-HYPERPHOSPHATEMIA,DIA-002,initial,source_checked,needs_medical_review
DDG-REN-072,DIS-REN-HYPOMAGNESEMIA,DIA-013,initial,source_checked,needs_medical_review
DDG-REN-073,DIS-REN-NEPHROLITHIASIS,DIA-024,initial,source_checked,needs_medical_review
DDG-REN-074,DIS-REN-CALCIUMOXALATESTONE,DIA-005,initial,source_checked,needs_medical_review
DDG-REN-075,DIS-REN-URICACIDSTONE,DIA-016,initial,source_checked,needs_medical_review
DDG-REN-076,DIS-REN-STRUVITESTONE,DIA-027,initial,source_checked,needs_medical_review
DDG-REN-077,DIS-REN-CYSTINESTONE,DIA-008,initial,source_checked,needs_medical_review
DDG-REN-078,DIS-REN-MEDULLARYSPONGEKIDNE,DIA-019,initial,source_checked,needs_medical_review
DDG-REN-079,DIS-REN-NEPHROCALCINOSIS,DIA-030,initial,source_checked,needs_medical_review
DDG-REN-080,DIS-REN-ACUTEURINARYRETENTIO,DIA-011,initial,source_checked,needs_medical_review
DDG-REN-081,DIS-REN-BLADDEROUTLETOBSTRUC,DIA-022,initial,source_checked,needs_medical_review
DDG-REN-082,DIS-REN-BENIGNPROSTATICHYPER,DIA-003,initial,source_checked,needs_medical_review
DDG-REN-083,DIS-REN-URETERALOBSTRUCTION,DIA-014,initial,source_checked,needs_medical_review
DDG-REN-084,DIS-REN-HYDRONEPHROSIS,DIA-025,initial,source_checked,needs_medical_review
DDG-REN-085,DIS-REN-POSTOBSTRUCTIVEDIURE,DIA-006,initial,source_checked,needs_medical_review
DDG-REN-086,DIS-REN-ACUTEUNCOMPLICATEDCY,DIA-017,initial,source_checked,needs_medical_review
DDG-REN-087,DIS-REN-COMPLICATEDURINARYTR,DIA-028,initial,source_checked,needs_medical_review
DDG-REN-088,DIS-REN-ACUTEPYELONEPHRITIS,DIA-009,initial,source_checked,needs_medical_review
DDG-REN-089,DIS-REN-EMPHYSEMATOUSPYELONE,DIA-020,initial,source_checked,needs_medical_review
DDG-REN-090,DIS-REN-RENALABSCESS,DIA-001,initial,source_checked,needs_medical_review
DDG-REN-091,DIS-REN-ASYMPTOMATICBACTERIU,DIA-012,initial,source_checked,needs_medical_review
DDG-REN-092,DIS-REN-CATHETERASSOCIATEDUR,DIA-023,initial,source_checked,needs_medical_review
DDG-REN-093,DIS-REN-UTIINPREGNANCY,DIA-004,initial,source_checked,needs_medical_review
DDG-REN-094,DIS-REN-PEDIATRICUTI,DIA-015,initial,source_checked,needs_medical_review
DDG-REN-095,DIS-REN-VESICOURETERALREFLUX,DIA-026,initial,source_checked,needs_medical_review
DDG-REN-096,DIS-REN-MICROSCOPICHEMATURIA,DIA-007,initial,source_checked,needs_medical_review
DDG-REN-097,DIS-REN-GROSSHEMATURIA,DIA-018,initial,source_checked,needs_medical_review
DDG-REN-098,DIS-REN-GLOMERULARHEMATURIA,DIA-029,initial,source_checked,needs_medical_review
DDG-REN-099,DIS-REN-NONGLOMERULARHEMATUR,DIA-010,initial,source_checked,needs_medical_review
DDG-REN-100,DIS-REN-MYOGLOBINURIA,DIA-021,initial,source_checked,needs_medical_review
DDG-REN-101,DIS-REN-ALBUMINURIA,DIA-002,initial,source_checked,needs_medical_review
DDG-REN-102,DIS-REN-RENALARTERYSTENOSIS,DIA-013,initial,source_checked,needs_medical_review
DDG-REN-103,DIS-REN-ATHEROEMBOLICRENALDI,DIA-024,initial,source_checked,needs_medical_review
DDG-REN-104,DIS-REN-FIBROMUSCULARDYSPLAS,DIA-005,initial,source_checked,needs_medical_review
DDG-REN-105,DIS-REN-RENALVEINTHROMBOSIS,DIA-016,initial,source_checked,needs_medical_review
DDG-REN-106,DIS-REN-HEMOLYTICUREMICSYNDR,DIA-027,initial,source_checked,needs_medical_review
DDG-REN-107,DIS-REN-SCLERODERMARENALCRIS,DIA-008,initial,source_checked,needs_medical_review
DDG-REN-108,DIS-REN-POSTERIORURETHRALVAL,DIA-019,initial,source_checked,needs_medical_review
DDG-REN-109,DIS-REN-HORSESHOEKIDNEY,DIA-030,initial,source_checked,needs_medical_review
DDG-REN-110,DIS-REN-RENALAGENESIS,DIA-011,initial,source_checked,needs_medical_review
DDG-REN-111,DIS-REN-POTTERSEQUENCE,DIA-022,initial,source_checked,needs_medical_review
DDG-REN-112,DIS-REN-WILMSTUMOR,DIA-003,initial,source_checked,needs_medical_review
DDG-REN-113,DIS-REN-RENALCELLCARCINOMA,DIA-014,initial,source_checked,needs_medical_review
DDG-REN-114,DIS-REN-ANGIOMYOLIPOMA,DIA-025,initial,source_checked,needs_medical_review
DDG-REN-115,DIS-REN-KIDNEYTRANSPLANTRECI,DIA-006,initial,source_checked,needs_medical_review
DDG-REN-116,DIS-REN-HYPERACUTEREJECTION,DIA-017,initial,source_checked,needs_medical_review
DDG-REN-117,DIS-REN-ACUTECELLULARREJECTI,DIA-028,initial,source_checked,needs_medical_review
DDG-REN-118,DIS-REN-CALCINEURININHIBITOR,DIA-009,initial,source_checked,needs_medical_review
DDG-REN-119,DIS-REN-HEMODIALYSIS,DIA-020,initial,source_checked,needs_medical_review
DDG-REN-120,DIS-REN-PERITONEALDIALYSIS,DIA-001,initial,source_checked,needs_medical_review
DDG-REN-121,DIS-REN-DIALYSISDISEQUILIBRI,DIA-012,initial,source_checked,needs_medical_review
DDG-REN-122,DIS-REN-PERITONEALDIALYSISPE,DIA-023,initial,source_checked,needs_medical_review
