finding_localization_id,finding_id,localization_id,laterality,motor_findings,sensory_findings,reflex_findings,cranial_nerve_findings,cortical_signs,clinical_meaning,source_status
FLOC-NEUR-001,FND-NEUR-BABINSKISIGN,LOC-NEUR-CORTICOSPINALTRACT,context dependent,Use motor pattern with localization.,Use sensory distribution with localization.,Use reflex pattern with localization.,Use cranial-nerve findings when relevant.,Use cortical signs when relevant.,Finding supports this localization in the appropriate syndrome.,partially_source_supported
FLOC-NEUR-002,FND-NEUR-PRONATORDRIFT,LOC-NEUR-CORTICOSPINALTRACT,context dependent,Use motor pattern with localization.,Use sensory distribution with localization.,Use reflex pattern with localization.,Use cranial-nerve findings when relevant.,Use cortical signs when relevant.,Finding supports this localization in the appropriate syndrome.,partially_source_supported
FLOC-NEUR-003,FND-NEUR-INTERNUCLEAROPHTHALM,LOC-NEUR-PONS,context dependent,Use motor pattern with localization.,Use sensory distribution with localization.,Use reflex pattern with localization.,Use cranial-nerve findings when relevant.,Use cortical signs when relevant.,Finding supports this localization in the appropriate syndrome.,partially_source_supported
FLOC-NEUR-004,FND-NEUR-RESTINGPILLROLLINGTR,LOC-NEUR-BASALGANGLIA,context dependent,Use motor pattern with localization.,Use sensory distribution with localization.,Use reflex pattern with localization.,Use cranial-nerve findings when relevant.,Use cortical signs when relevant.,Finding supports this localization in the appropriate syndrome.,partially_source_supported
FLOC-NEUR-005,FND-NEUR-COGWHEELRIGIDITY,LOC-NEUR-BASALGANGLIA,context dependent,Use motor pattern with localization.,Use sensory distribution with localization.,Use reflex pattern with localization.,Use cranial-nerve findings when relevant.,Use cortical signs when relevant.,Finding supports this localization in the appropriate syndrome.,partially_source_supported
FLOC-NEUR-006,FND-NEUR-CAPELIKESENSORYLOSS,LOC-NEUR-SPINOTHALAMICTRACT,context dependent,Use motor pattern with localization.,Use sensory distribution with localization.,Use reflex pattern with localization.,Use cranial-nerve findings when relevant.,Use cortical signs when relevant.,Finding supports this localization in the appropriate syndrome.,partially_source_supported
FLOC-NEUR-007,FND-NEUR-SADDLEANESTHESIA,LOC-NEUR-CAUDAEQUINA,context dependent,Use motor pattern with localization.,Use sensory distribution with localization.,Use reflex pattern with localization.,Use cranial-nerve findings when relevant.,Use cortical signs when relevant.,Finding supports this localization in the appropriate syndrome.,partially_source_supported
FLOC-NEUR-008,FND-NEUR-FATIGABLEPTOSIS,LOC-NEUR-NEUROMUSCULARJUNCTIO,context dependent,Use motor pattern with localization.,Use sensory distribution with localization.,Use reflex pattern with localization.,Use cranial-nerve findings when relevant.,Use cortical signs when relevant.,Finding supports this localization in the appropriate syndrome.,partially_source_supported
FLOC-NEUR-009,FND-NEUR-OLIGOCLONALBANDS,LOC-NEUR-CORTICOSPINALTRACT,context dependent,Use motor pattern with localization.,Use sensory distribution with localization.,Use reflex pattern with localization.,Use cranial-nerve findings when relevant.,Use cortical signs when relevant.,Finding supports this localization in the appropriate syndrome.,partially_source_supported
