medication_id,generic_name,medication_class,mechanism_summary,major_adverse_effects_summary,major_contraindications_summary,monitoring_summary,reversal_agent_summary,pregnancy_context,renal_adjustment_context,hepatic_adjustment_context,source_review_status,medical_review_status,deprecated,notes
MED-001,Aspirin,review_required,Draft pending review.,Review required.,Review required.,Review required.,Review required.,Review required.,Review required.,Review required.,draft_ai_generated,draft_ai_generated,false,Requires source and physician review.
MED-002,Heparin,review_required,Draft pending review.,Review required.,Review required.,Review required.,Review required.,Review required.,Review required.,Review required.,draft_ai_generated,draft_ai_generated,false,Requires source and physician review.
MED-003,Warfarin,review_required,Draft pending review.,Review required.,Review required.,Review required.,Review required.,Review required.,Review required.,Review required.,draft_ai_generated,draft_ai_generated,false,Requires source and physician review.
MED-004,Apixaban,review_required,Draft pending review.,Review required.,Review required.,Review required.,Review required.,Review required.,Review required.,Review required.,draft_ai_generated,draft_ai_generated,false,Requires source and physician review.
MED-005,Alteplase,review_required,Draft pending review.,Review required.,Review required.,Review required.,Review required.,Review required.,Review required.,Review required.,draft_ai_generated,draft_ai_generated,false,Requires source and physician review.
MED-006,Epinephrine,review_required,Draft pending review.,Review required.,Review required.,Review required.,Review required.,Review required.,Review required.,Review required.,draft_ai_generated,draft_ai_generated,false,Requires source and physician review.
MED-007,Norepinephrine,review_required,Draft pending review.,Review required.,Review required.,Review required.,Review required.,Review required.,Review required.,Review required.,draft_ai_generated,draft_ai_generated,false,Requires source and physician review.
MED-008,Dopamine,review_required,Draft pending review.,Review required.,Review required.,Review required.,Review required.,Review required.,Review required.,Review required.,draft_ai_generated,draft_ai_generated,false,Requires source and physician review.
MED-009,Furosemide,review_required,Draft pending review.,Review required.,Review required.,Review required.,Review required.,Review required.,Review required.,Review required.,draft_ai_generated,draft_ai_generated,false,Requires source and physician review.
MED-010,Metoprolol,review_required,Draft pending review.,Review required.,Review required.,Review required.,Review required.,Review required.,Review required.,Review required.,draft_ai_generated,draft_ai_generated,false,Requires source and physician review.
MED-011,Diltiazem,review_required,Draft pending review.,Review required.,Review required.,Review required.,Review required.,Review required.,Review required.,Review required.,draft_ai_generated,draft_ai_generated,false,Requires source and physician review.
MED-012,Amiodarone,review_required,Draft pending review.,Review required.,Review required.,Review required.,Review required.,Review required.,Review required.,Review required.,draft_ai_generated,draft_ai_generated,false,Requires source and physician review.
MED-013,Adenosine,review_required,Draft pending review.,Review required.,Review required.,Review required.,Review required.,Review required.,Review required.,Review required.,draft_ai_generated,draft_ai_generated,false,Requires source and physician review.
MED-014,Nitroglycerin,review_required,Draft pending review.,Review required.,Review required.,Review required.,Review required.,Review required.,Review required.,Review required.,draft_ai_generated,draft_ai_generated,false,Requires source and physician review.
MED-015,Morphine,review_required,Draft pending review.,Review required.,Review required.,Review required.,Review required.,Review required.,Review required.,Review required.,draft_ai_generated,draft_ai_generated,false,Requires source and physician review.
MED-016,Albuterol,review_required,Draft pending review.,Review required.,Review required.,Review required.,Review required.,Review required.,Review required.,Review required.,draft_ai_generated,draft_ai_generated,false,Requires source and physician review.
MED-017,Ipratropium,review_required,Draft pending review.,Review required.,Review required.,Review required.,Review required.,Review required.,Review required.,Review required.,draft_ai_generated,draft_ai_generated,false,Requires source and physician review.
MED-018,Prednisone,review_required,Draft pending review.,Review required.,Review required.,Review required.,Review required.,Review required.,Review required.,Review required.,draft_ai_generated,draft_ai_generated,false,Requires source and physician review.
MED-019,Methylprednisolone,review_required,Draft pending review.,Review required.,Review required.,Review required.,Review required.,Review required.,Review required.,Review required.,draft_ai_generated,draft_ai_generated,false,Requires source and physician review.
MED-020,Ceftriaxone,review_required,Draft pending review.,Review required.,Review required.,Review required.,Review required.,Review required.,Review required.,Review required.,draft_ai_generated,draft_ai_generated,false,Requires source and physician review.
MED-021,Vancomycin,review_required,Draft pending review.,Review required.,Review required.,Review required.,Review required.,Review required.,Review required.,Review required.,draft_ai_generated,draft_ai_generated,false,Requires source and physician review.
MED-022,Piperacillin-tazobactam,review_required,Draft pending review.,Review required.,Review required.,Review required.,Review required.,Review required.,Review required.,Review required.,draft_ai_generated,draft_ai_generated,false,Requires source and physician review.
MED-023,Azithromycin,review_required,Draft pending review.,Review required.,Review required.,Review required.,Review required.,Review required.,Review required.,Review required.,draft_ai_generated,draft_ai_generated,false,Requires source and physician review.
MED-024,Acyclovir,review_required,Draft pending review.,Review required.,Review required.,Review required.,Review required.,Review required.,Review required.,Review required.,draft_ai_generated,draft_ai_generated,false,Requires source and physician review.
MED-025,Fluconazole,review_required,Draft pending review.,Review required.,Review required.,Review required.,Review required.,Review required.,Review required.,Review required.,draft_ai_generated,draft_ai_generated,false,Requires source and physician review.
MED-026,Insulin,review_required,Draft pending review.,Review required.,Review required.,Review required.,Review required.,Review required.,Review required.,Review required.,draft_ai_generated,draft_ai_generated,false,Requires source and physician review.
MED-027,Dextrose,review_required,Draft pending review.,Review required.,Review required.,Review required.,Review required.,Review required.,Review required.,Review required.,draft_ai_generated,draft_ai_generated,false,Requires source and physician review.
MED-028,Glucagon,review_required,Draft pending review.,Review required.,Review required.,Review required.,Review required.,Review required.,Review required.,Review required.,draft_ai_generated,draft_ai_generated,false,Requires source and physician review.
MED-029,Calcium gluconate,review_required,Draft pending review.,Review required.,Review required.,Review required.,Review required.,Review required.,Review required.,Review required.,draft_ai_generated,draft_ai_generated,false,Requires source and physician review.
MED-030,Sodium bicarbonate,review_required,Draft pending review.,Review required.,Review required.,Review required.,Review required.,Review required.,Review required.,Review required.,draft_ai_generated,draft_ai_generated,false,Requires source and physician review.
MED-031,Sodium chloride,review_required,Draft pending review.,Review required.,Review required.,Review required.,Review required.,Review required.,Review required.,Review required.,draft_ai_generated,draft_ai_generated,false,Requires source and physician review.
MED-032,Magnesium sulfate,review_required,Draft pending review.,Review required.,Review required.,Review required.,Review required.,Review required.,Review required.,Review required.,draft_ai_generated,draft_ai_generated,false,Requires source and physician review.
MED-033,Levetiracetam,review_required,Draft pending review.,Review required.,Review required.,Review required.,Review required.,Review required.,Review required.,Review required.,draft_ai_generated,draft_ai_generated,false,Requires source and physician review.
MED-034,Lorazepam,review_required,Draft pending review.,Review required.,Review required.,Review required.,Review required.,Review required.,Review required.,Review required.,draft_ai_generated,draft_ai_generated,false,Requires source and physician review.
MED-035,Haloperidol,review_required,Draft pending review.,Review required.,Review required.,Review required.,Review required.,Review required.,Review required.,Review required.,draft_ai_generated,draft_ai_generated,false,Requires source and physician review.
MED-036,Olanzapine,review_required,Draft pending review.,Review required.,Review required.,Review required.,Review required.,Review required.,Review required.,Review required.,draft_ai_generated,draft_ai_generated,false,Requires source and physician review.
MED-037,Sertraline,review_required,Draft pending review.,Review required.,Review required.,Review required.,Review required.,Review required.,Review required.,Review required.,draft_ai_generated,draft_ai_generated,false,Requires source and physician review.
MED-038,Lithium,review_required,Draft pending review.,Review required.,Review required.,Review required.,Review required.,Review required.,Review required.,Review required.,draft_ai_generated,draft_ai_generated,false,Requires source and physician review.
MED-039,Levothyroxine,review_required,Draft pending review.,Review required.,Review required.,Review required.,Review required.,Review required.,Review required.,Review required.,draft_ai_generated,draft_ai_generated,false,Requires source and physician review.
MED-040,Propylthiouracil,review_required,Draft pending review.,Review required.,Review required.,Review required.,Review required.,Review required.,Review required.,Review required.,draft_ai_generated,draft_ai_generated,false,Requires source and physician review.
MED-041,Hydrocortisone,review_required,Draft pending review.,Review required.,Review required.,Review required.,Review required.,Review required.,Review required.,Review required.,draft_ai_generated,draft_ai_generated,false,Requires source and physician review.
MED-042,Fludrocortisone,review_required,Draft pending review.,Review required.,Review required.,Review required.,Review required.,Review required.,Review required.,Review required.,draft_ai_generated,draft_ai_generated,false,Requires source and physician review.
MED-043,Allopurinol,review_required,Draft pending review.,Review required.,Review required.,Review required.,Review required.,Review required.,Review required.,Review required.,draft_ai_generated,draft_ai_generated,false,Requires source and physician review.
MED-044,Colchicine,review_required,Draft pending review.,Review required.,Review required.,Review required.,Review required.,Review required.,Review required.,Review required.,draft_ai_generated,draft_ai_generated,false,Requires source and physician review.
MED-045,Methotrexate,review_required,Draft pending review.,Review required.,Review required.,Review required.,Review required.,Review required.,Review required.,Review required.,draft_ai_generated,draft_ai_generated,false,Requires source and physician review.
MED-046,Hydroxychloroquine,review_required,Draft pending review.,Review required.,Review required.,Review required.,Review required.,Review required.,Review required.,Review required.,draft_ai_generated,draft_ai_generated,false,Requires source and physician review.
MED-047,Oxytocin,review_required,Draft pending review.,Review required.,Review required.,Review required.,Review required.,Review required.,Review required.,Review required.,draft_ai_generated,draft_ai_generated,false,Requires source and physician review.
MED-048,Misoprostol,review_required,Draft pending review.,Review required.,Review required.,Review required.,Review required.,Review required.,Review required.,Review required.,draft_ai_generated,draft_ai_generated,false,Requires source and physician review.
MED-049,Rho immune globulin,review_required,Draft pending review.,Review required.,Review required.,Review required.,Review required.,Review required.,Review required.,Review required.,draft_ai_generated,draft_ai_generated,false,Requires source and physician review.
MED-050,Naloxone,review_required,Draft pending review.,Review required.,Review required.,Review required.,Review required.,Review required.,Review required.,Review required.,draft_ai_generated,draft_ai_generated,false,Requires source and physician review.
