presentation_id,name,concise_definition,emergency_priority,initial_stabilization_summary,key_history_questions,key_exam_focus,initial_test_categories,source_review_status,medical_review_status,deprecated,notes,source_status,human_review_status,content_tier
PRS-001,Chest pain,Draft educational presentation summary.,2,Assess stability; source status shown with the record.,Draft pending review.,Draft pending review.,Draft pending review.,draft_ai_generated,draft_ai_generated,false,; Source support varies by linked topic.,unverified_ai_generated,not_requested,index
PRS-002,Dyspnea,Draft educational presentation summary.,3,Assess stability; source status shown with the record.,Draft pending review.,Draft pending review.,Draft pending review.,draft_ai_generated,draft_ai_generated,false,; Source support varies by linked topic.,unverified_ai_generated,not_requested,index
PRS-003,Syncope,Draft educational presentation summary.,4,Assess stability; source status shown with the record.,Draft pending review.,Draft pending review.,Draft pending review.,draft_ai_generated,draft_ai_generated,false,; Source support varies by linked topic.,unverified_ai_generated,not_requested,index
PRS-004,Palpitations,Draft educational presentation summary.,5,Assess stability; source status shown with the record.,Draft pending review.,Draft pending review.,Draft pending review.,draft_ai_generated,draft_ai_generated,false,; Source support varies by linked topic.,unverified_ai_generated,not_requested,index
PRS-005,Fever,Draft educational presentation summary.,1,Assess stability; source status shown with the record.,Draft pending review.,Draft pending review.,Draft pending review.,draft_ai_generated,draft_ai_generated,false,; Source support varies by linked topic.,unverified_ai_generated,not_requested,index
PRS-006,Altered mental status,Draft educational presentation summary.,2,Assess stability; source status shown with the record.,Draft pending review.,Draft pending review.,Draft pending review.,draft_ai_generated,draft_ai_generated,false,; Source support varies by linked topic.,unverified_ai_generated,not_requested,index
PRS-007,Headache,Draft educational presentation summary.,3,Assess stability; source status shown with the record.,Draft pending review.,Draft pending review.,Draft pending review.,draft_ai_generated,draft_ai_generated,false,; Source support varies by linked topic.,unverified_ai_generated,not_requested,index
PRS-008,Focal neurologic deficit,Draft educational presentation summary.,4,Assess stability; source status shown with the record.,Draft pending review.,Draft pending review.,Draft pending review.,draft_ai_generated,draft_ai_generated,false,; Source support varies by linked topic.,unverified_ai_generated,not_requested,index
PRS-009,Seizure,Draft educational presentation summary.,5,Assess stability; source status shown with the record.,Draft pending review.,Draft pending review.,Draft pending review.,draft_ai_generated,draft_ai_generated,false,; Source support varies by linked topic.,unverified_ai_generated,not_requested,index
PRS-010,Abdominal pain,Draft educational presentation summary.,1,Assess stability; source status shown with the record.,Draft pending review.,Draft pending review.,Draft pending review.,draft_ai_generated,draft_ai_generated,false,; Source support varies by linked topic.,unverified_ai_generated,not_requested,index
PRS-011,Nausea and vomiting,Draft educational presentation summary.,2,Assess stability; source status shown with the record.,Draft pending review.,Draft pending review.,Draft pending review.,draft_ai_generated,draft_ai_generated,false,; Source support varies by linked topic.,unverified_ai_generated,not_requested,index
PRS-012,Diarrhea,Draft educational presentation summary.,3,Assess stability; source status shown with the record.,Draft pending review.,Draft pending review.,Draft pending review.,draft_ai_generated,draft_ai_generated,false,; Source support varies by linked topic.,unverified_ai_generated,not_requested,index
PRS-013,Gastrointestinal bleeding,Draft educational presentation summary.,4,Assess stability; source status shown with the record.,Draft pending review.,Draft pending review.,Draft pending review.,draft_ai_generated,draft_ai_generated,false,; Source support varies by linked topic.,unverified_ai_generated,not_requested,index
PRS-014,Jaundice,Draft educational presentation summary.,5,Assess stability; source status shown with the record.,Draft pending review.,Draft pending review.,Draft pending review.,draft_ai_generated,draft_ai_generated,false,; Source support varies by linked topic.,unverified_ai_generated,not_requested,index
PRS-015,Dysuria,Draft educational presentation summary.,1,Assess stability; source status shown with the record.,Draft pending review.,Draft pending review.,Draft pending review.,draft_ai_generated,draft_ai_generated,false,; Source support varies by linked topic.,unverified_ai_generated,not_requested,index
PRS-016,Hematuria,Draft educational presentation summary.,2,Assess stability; source status shown with the record.,Draft pending review.,Draft pending review.,Draft pending review.,draft_ai_generated,draft_ai_generated,false,; Source support varies by linked topic.,unverified_ai_generated,not_requested,index
PRS-017,Acute kidney injury,Draft educational presentation summary.,3,Assess stability; source status shown with the record.,Draft pending review.,Draft pending review.,Draft pending review.,draft_ai_generated,draft_ai_generated,false,; Source support varies by linked topic.,unverified_ai_generated,not_requested,index
PRS-018,Edema,Draft educational presentation summary.,4,Assess stability; source status shown with the record.,Draft pending review.,Draft pending review.,Draft pending review.,draft_ai_generated,draft_ai_generated,false,; Source support varies by linked topic.,unverified_ai_generated,not_requested,index
PRS-019,Rash,Draft educational presentation summary.,5,Assess stability; source status shown with the record.,Draft pending review.,Draft pending review.,Draft pending review.,draft_ai_generated,draft_ai_generated,false,; Source support varies by linked topic.,unverified_ai_generated,not_requested,index
PRS-020,Joint pain,Draft educational presentation summary.,1,Assess stability; source status shown with the record.,Draft pending review.,Draft pending review.,Draft pending review.,draft_ai_generated,draft_ai_generated,false,; Source support varies by linked topic.,unverified_ai_generated,not_requested,index
PRS-021,Weakness,Draft educational presentation summary.,2,Assess stability; source status shown with the record.,Draft pending review.,Draft pending review.,Draft pending review.,draft_ai_generated,draft_ai_generated,false,; Source support varies by linked topic.,unverified_ai_generated,not_requested,index
PRS-022,Fatigue,Draft educational presentation summary.,3,Assess stability; source status shown with the record.,Draft pending review.,Draft pending review.,Draft pending review.,draft_ai_generated,draft_ai_generated,false,; Source support varies by linked topic.,unverified_ai_generated,not_requested,index
PRS-023,Anemia,Draft educational presentation summary.,4,Assess stability; source status shown with the record.,Draft pending review.,Draft pending review.,Draft pending review.,draft_ai_generated,draft_ai_generated,false,; Source support varies by linked topic.,unverified_ai_generated,not_requested,index
PRS-024,Lymphadenopathy,Draft educational presentation summary.,5,Assess stability; source status shown with the record.,Draft pending review.,Draft pending review.,Draft pending review.,draft_ai_generated,draft_ai_generated,false,; Source support varies by linked topic.,unverified_ai_generated,not_requested,index
PRS-025,Weight loss,Draft educational presentation summary.,1,Assess stability; source status shown with the record.,Draft pending review.,Draft pending review.,Draft pending review.,draft_ai_generated,draft_ai_generated,false,; Source support varies by linked topic.,unverified_ai_generated,not_requested,index
PRS-026,Hyperglycemia,Draft educational presentation summary.,2,Assess stability; source status shown with the record.,Draft pending review.,Draft pending review.,Draft pending review.,draft_ai_generated,draft_ai_generated,false,; Source support varies by linked topic.,unverified_ai_generated,not_requested,index
PRS-027,Hypoglycemia,Draft educational presentation summary.,3,Assess stability; source status shown with the record.,Draft pending review.,Draft pending review.,Draft pending review.,draft_ai_generated,draft_ai_generated,false,; Source support varies by linked topic.,unverified_ai_generated,not_requested,index
PRS-028,Vaginal bleeding,Draft educational presentation summary.,4,Assess stability; source status shown with the record.,Draft pending review.,Draft pending review.,Draft pending review.,draft_ai_generated,draft_ai_generated,false,; Source support varies by linked topic.,unverified_ai_generated,not_requested,index
PRS-029,Pelvic pain,Draft educational presentation summary.,5,Assess stability; source status shown with the record.,Draft pending review.,Draft pending review.,Draft pending review.,draft_ai_generated,draft_ai_generated,false,; Source support varies by linked topic.,unverified_ai_generated,not_requested,index
PRS-030,Amenorrhea,Draft educational presentation summary.,1,Assess stability; source status shown with the record.,Draft pending review.,Draft pending review.,Draft pending review.,draft_ai_generated,draft_ai_generated,false,; Source support varies by linked topic.,unverified_ai_generated,not_requested,index
PRS-031,Pregnancy with abdominal pain,Draft educational presentation summary.,2,Assess stability; source status shown with the record.,Draft pending review.,Draft pending review.,Draft pending review.,draft_ai_generated,draft_ai_generated,false,; Source support varies by linked topic.,unverified_ai_generated,not_requested,index
PRS-032,Pediatric fever,Draft educational presentation summary.,3,Assess stability; source status shown with the record.,Draft pending review.,Draft pending review.,Draft pending review.,draft_ai_generated,draft_ai_generated,false,; Source support varies by linked topic.,unverified_ai_generated,not_requested,index
PRS-033,Neonatal respiratory distress,Draft educational presentation summary.,4,Assess stability; source status shown with the record.,Draft pending review.,Draft pending review.,Draft pending review.,draft_ai_generated,draft_ai_generated,false,; Source support varies by linked topic.,unverified_ai_generated,not_requested,index
PRS-034,Trauma,Draft educational presentation summary.,5,Assess stability; source status shown with the record.,Draft pending review.,Draft pending review.,Draft pending review.,draft_ai_generated,draft_ai_generated,false,; Source support varies by linked topic.,unverified_ai_generated,not_requested,index
PRS-035,Shock,Draft educational presentation summary.,1,Assess stability; source status shown with the record.,Draft pending review.,Draft pending review.,Draft pending review.,draft_ai_generated,draft_ai_generated,false,; Source support varies by linked topic.,unverified_ai_generated,not_requested,index
PRS-036,Back pain,Draft educational presentation summary.,2,Assess stability; source status shown with the record.,Draft pending review.,Draft pending review.,Draft pending review.,draft_ai_generated,draft_ai_generated,false,; Source support varies by linked topic.,unverified_ai_generated,not_requested,index
PRS-037,Cough,Draft educational presentation summary.,3,Assess stability; source status shown with the record.,Draft pending review.,Draft pending review.,Draft pending review.,draft_ai_generated,draft_ai_generated,false,; Source support varies by linked topic.,unverified_ai_generated,not_requested,index
PRS-038,Hemoptysis,Draft educational presentation summary.,4,Assess stability; source status shown with the record.,Draft pending review.,Draft pending review.,Draft pending review.,draft_ai_generated,draft_ai_generated,false,; Source support varies by linked topic.,unverified_ai_generated,not_requested,index
PRS-039,Oliguria,Draft educational presentation summary.,5,Assess stability; source status shown with the record.,Draft pending review.,Draft pending review.,Draft pending review.,draft_ai_generated,draft_ai_generated,false,; Source support varies by linked topic.,unverified_ai_generated,not_requested,index
PRS-040,Confusion,Draft educational presentation summary.,1,Assess stability; source status shown with the record.,Draft pending review.,Draft pending review.,Draft pending review.,draft_ai_generated,draft_ai_generated,false,; Source support varies by linked topic.,unverified_ai_generated,not_requested,index
PRS-CARD-041,Bradycardia,Cardiovascular presentation centered on bradycardia.,1,"Assess airway, breathing, circulation, perfusion, and monitor rhythm before targeted testing.","Clarify onset, exertional relation, associated dyspnea, syncope, vascular risk, medications, and pregnancy context.","Assess perfusion, blood pressure in both arms when relevant, heart sounds, volume status, pulses, and neurologic findings.","ECG, focused laboratory testing, echocardiography or imaging selected by the suspected physiology.",source_checked,needs_medical_review,false,Original educational presentation record.,partially_source_supported,not_requested,index
PRS-CARD-042,Cyanosis,Cardiovascular presentation centered on cyanosis.,1,"Assess airway, breathing, circulation, perfusion, and monitor rhythm before targeted testing.","Clarify onset, exertional relation, associated dyspnea, syncope, vascular risk, medications, and pregnancy context.","Assess perfusion, blood pressure in both arms when relevant, heart sounds, volume status, pulses, and neurologic findings.","ECG, focused laboratory testing, echocardiography or imaging selected by the suspected physiology.",source_checked,needs_medical_review,false,Original educational presentation record.,partially_source_supported,not_requested,index
PRS-CARD-043,Exertional intolerance,Cardiovascular presentation centered on exertional intolerance.,1,"Assess airway, breathing, circulation, perfusion, and monitor rhythm before targeted testing.","Clarify onset, exertional relation, associated dyspnea, syncope, vascular risk, medications, and pregnancy context.","Assess perfusion, blood pressure in both arms when relevant, heart sounds, volume status, pulses, and neurologic findings.","ECG, focused laboratory testing, echocardiography or imaging selected by the suspected physiology.",source_checked,needs_medical_review,false,Original educational presentation record.,partially_source_supported,not_requested,index
PRS-CARD-044,Heart failure,Cardiovascular presentation centered on heart failure.,1,"Assess airway, breathing, circulation, perfusion, and monitor rhythm before targeted testing.","Clarify onset, exertional relation, associated dyspnea, syncope, vascular risk, medications, and pregnancy context.","Assess perfusion, blood pressure in both arms when relevant, heart sounds, volume status, pulses, and neurologic findings.","ECG, focused laboratory testing, echocardiography or imaging selected by the suspected physiology.",source_checked,needs_medical_review,false,Original educational presentation record.,partially_source_supported,not_requested,index
PRS-CARD-045,Hypertension,Cardiovascular presentation centered on hypertension.,1,"Assess airway, breathing, circulation, perfusion, and monitor rhythm before targeted testing.","Clarify onset, exertional relation, associated dyspnea, syncope, vascular risk, medications, and pregnancy context.","Assess perfusion, blood pressure in both arms when relevant, heart sounds, volume status, pulses, and neurologic findings.","ECG, focused laboratory testing, echocardiography or imaging selected by the suspected physiology.",source_checked,needs_medical_review,false,Original educational presentation record.,partially_source_supported,not_requested,index
PRS-CARD-046,Hypotension,Cardiovascular presentation centered on hypotension.,1,"Assess airway, breathing, circulation, perfusion, and monitor rhythm before targeted testing.","Clarify onset, exertional relation, associated dyspnea, syncope, vascular risk, medications, and pregnancy context.","Assess perfusion, blood pressure in both arms when relevant, heart sounds, volume status, pulses, and neurologic findings.","ECG, focused laboratory testing, echocardiography or imaging selected by the suspected physiology.",source_checked,needs_medical_review,false,Original educational presentation record.,partially_source_supported,not_requested,index
PRS-CARD-047,Limb pain,Cardiovascular presentation centered on limb pain.,1,"Assess airway, breathing, circulation, perfusion, and monitor rhythm before targeted testing.","Clarify onset, exertional relation, associated dyspnea, syncope, vascular risk, medications, and pregnancy context.","Assess perfusion, blood pressure in both arms when relevant, heart sounds, volume status, pulses, and neurologic findings.","ECG, focused laboratory testing, echocardiography or imaging selected by the suspected physiology.",source_checked,needs_medical_review,false,Original educational presentation record.,partially_source_supported,not_requested,index
PRS-CARD-048,New murmur,Cardiovascular presentation centered on new murmur.,1,"Assess airway, breathing, circulation, perfusion, and monitor rhythm before targeted testing.","Clarify onset, exertional relation, associated dyspnea, syncope, vascular risk, medications, and pregnancy context.","Assess perfusion, blood pressure in both arms when relevant, heart sounds, volume status, pulses, and neurologic findings.","ECG, focused laboratory testing, echocardiography or imaging selected by the suspected physiology.",source_checked,needs_medical_review,false,Original educational presentation record.,partially_source_supported,not_requested,index
PRS-CARD-049,Peripheral edema,Cardiovascular presentation centered on peripheral edema.,1,"Assess airway, breathing, circulation, perfusion, and monitor rhythm before targeted testing.","Clarify onset, exertional relation, associated dyspnea, syncope, vascular risk, medications, and pregnancy context.","Assess perfusion, blood pressure in both arms when relevant, heart sounds, volume status, pulses, and neurologic findings.","ECG, focused laboratory testing, echocardiography or imaging selected by the suspected physiology.",source_checked,needs_medical_review,false,Original educational presentation record.,partially_source_supported,not_requested,index
PRS-NEUR-050,Abnormal movements,Neurologic presentation centered on abnormal movements.,1,"Assess airway, breathing, circulation, glucose, consciousness, and time-sensitive neurologic threats.","Establish onset, last-known-well, progression, preceding illness or trauma, medications, exposures, pregnancy, and baseline function.","Document mental status, cranial nerves, motor pattern, sensation, reflexes, coordination, gait when safe, and meningeal or pressure signs.","Bedside glucose, ECG when appropriate, targeted labs, neuroimaging, EEG, CSF, or electrodiagnostics selected by localization.",source_checked,needs_medical_review,false,Original Neurology presentation record.,partially_source_supported,not_requested,index
PRS-NEUR-051,Acute focal neurologic deficit,Neurologic presentation centered on acute focal neurologic deficit.,1,"Assess airway, breathing, circulation, glucose, consciousness, and time-sensitive neurologic threats.","Establish onset, last-known-well, progression, preceding illness or trauma, medications, exposures, pregnancy, and baseline function.","Document mental status, cranial nerves, motor pattern, sensation, reflexes, coordination, gait when safe, and meningeal or pressure signs.","Bedside glucose, ECG when appropriate, targeted labs, neuroimaging, EEG, CSF, or electrodiagnostics selected by localization.",source_checked,needs_medical_review,false,Original Neurology presentation record.,partially_source_supported,not_requested,index
PRS-NEUR-052,Anisocoria,Neurologic presentation centered on anisocoria.,1,"Assess airway, breathing, circulation, glucose, consciousness, and time-sensitive neurologic threats.","Establish onset, last-known-well, progression, preceding illness or trauma, medications, exposures, pregnancy, and baseline function.","Document mental status, cranial nerves, motor pattern, sensation, reflexes, coordination, gait when safe, and meningeal or pressure signs.","Bedside glucose, ECG when appropriate, targeted labs, neuroimaging, EEG, CSF, or electrodiagnostics selected by localization.",source_checked,needs_medical_review,false,Original Neurology presentation record.,partially_source_supported,not_requested,index
PRS-NEUR-053,Ascending weakness,Neurologic presentation centered on ascending weakness.,1,"Assess airway, breathing, circulation, glucose, consciousness, and time-sensitive neurologic threats.","Establish onset, last-known-well, progression, preceding illness or trauma, medications, exposures, pregnancy, and baseline function.","Document mental status, cranial nerves, motor pattern, sensation, reflexes, coordination, gait when safe, and meningeal or pressure signs.","Bedside glucose, ECG when appropriate, targeted labs, neuroimaging, EEG, CSF, or electrodiagnostics selected by localization.",source_checked,needs_medical_review,false,Original Neurology presentation record.,partially_source_supported,not_requested,index
PRS-NEUR-054,Ataxia,Neurologic presentation centered on ataxia.,1,"Assess airway, breathing, circulation, glucose, consciousness, and time-sensitive neurologic threats.","Establish onset, last-known-well, progression, preceding illness or trauma, medications, exposures, pregnancy, and baseline function.","Document mental status, cranial nerves, motor pattern, sensation, reflexes, coordination, gait when safe, and meningeal or pressure signs.","Bedside glucose, ECG when appropriate, targeted labs, neuroimaging, EEG, CSF, or electrodiagnostics selected by localization.",source_checked,needs_medical_review,false,Original Neurology presentation record.,partially_source_supported,not_requested,index
PRS-NEUR-055,Back pain with neurologic deficit,Neurologic presentation centered on back pain with neurologic deficit.,1,"Assess airway, breathing, circulation, glucose, consciousness, and time-sensitive neurologic threats.","Establish onset, last-known-well, progression, preceding illness or trauma, medications, exposures, pregnancy, and baseline function.","Document mental status, cranial nerves, motor pattern, sensation, reflexes, coordination, gait when safe, and meningeal or pressure signs.","Bedside glucose, ECG when appropriate, targeted labs, neuroimaging, EEG, CSF, or electrodiagnostics selected by localization.",source_checked,needs_medical_review,false,Original Neurology presentation record.,partially_source_supported,not_requested,index
PRS-NEUR-056,Behavioral change,Neurologic presentation centered on behavioral change.,1,"Assess airway, breathing, circulation, glucose, consciousness, and time-sensitive neurologic threats.","Establish onset, last-known-well, progression, preceding illness or trauma, medications, exposures, pregnancy, and baseline function.","Document mental status, cranial nerves, motor pattern, sensation, reflexes, coordination, gait when safe, and meningeal or pressure signs.","Bedside glucose, ECG when appropriate, targeted labs, neuroimaging, EEG, CSF, or electrodiagnostics selected by localization.",source_checked,needs_medical_review,false,Original Neurology presentation record.,partially_source_supported,not_requested,index
PRS-NEUR-057,Coma,Neurologic presentation centered on coma.,1,"Assess airway, breathing, circulation, glucose, consciousness, and time-sensitive neurologic threats.","Establish onset, last-known-well, progression, preceding illness or trauma, medications, exposures, pregnancy, and baseline function.","Document mental status, cranial nerves, motor pattern, sensation, reflexes, coordination, gait when safe, and meningeal or pressure signs.","Bedside glucose, ECG when appropriate, targeted labs, neuroimaging, EEG, CSF, or electrodiagnostics selected by localization.",source_checked,needs_medical_review,false,Original Neurology presentation record.,partially_source_supported,not_requested,index
PRS-NEUR-058,Developmental delay,Neurologic presentation centered on developmental delay.,1,"Assess airway, breathing, circulation, glucose, consciousness, and time-sensitive neurologic threats.","Establish onset, last-known-well, progression, preceding illness or trauma, medications, exposures, pregnancy, and baseline function.","Document mental status, cranial nerves, motor pattern, sensation, reflexes, coordination, gait when safe, and meningeal or pressure signs.","Bedside glucose, ECG when appropriate, targeted labs, neuroimaging, EEG, CSF, or electrodiagnostics selected by localization.",source_checked,needs_medical_review,false,Original Neurology presentation record.,partially_source_supported,not_requested,index
PRS-NEUR-059,Developmental regression,Neurologic presentation centered on developmental regression.,1,"Assess airway, breathing, circulation, glucose, consciousness, and time-sensitive neurologic threats.","Establish onset, last-known-well, progression, preceding illness or trauma, medications, exposures, pregnancy, and baseline function.","Document mental status, cranial nerves, motor pattern, sensation, reflexes, coordination, gait when safe, and meningeal or pressure signs.","Bedside glucose, ECG when appropriate, targeted labs, neuroimaging, EEG, CSF, or electrodiagnostics selected by localization.",source_checked,needs_medical_review,false,Original Neurology presentation record.,partially_source_supported,not_requested,index
PRS-NEUR-060,Diplopia,Neurologic presentation centered on diplopia.,1,"Assess airway, breathing, circulation, glucose, consciousness, and time-sensitive neurologic threats.","Establish onset, last-known-well, progression, preceding illness or trauma, medications, exposures, pregnancy, and baseline function.","Document mental status, cranial nerves, motor pattern, sensation, reflexes, coordination, gait when safe, and meningeal or pressure signs.","Bedside glucose, ECG when appropriate, targeted labs, neuroimaging, EEG, CSF, or electrodiagnostics selected by localization.",source_checked,needs_medical_review,false,Original Neurology presentation record.,partially_source_supported,not_requested,index
PRS-NEUR-061,Facial weakness,Neurologic presentation centered on facial weakness.,1,"Assess airway, breathing, circulation, glucose, consciousness, and time-sensitive neurologic threats.","Establish onset, last-known-well, progression, preceding illness or trauma, medications, exposures, pregnancy, and baseline function.","Document mental status, cranial nerves, motor pattern, sensation, reflexes, coordination, gait when safe, and meningeal or pressure signs.","Bedside glucose, ECG when appropriate, targeted labs, neuroimaging, EEG, CSF, or electrodiagnostics selected by localization.",source_checked,needs_medical_review,false,Original Neurology presentation record.,partially_source_supported,not_requested,index
PRS-NEUR-062,Fatigable weakness,Neurologic presentation centered on fatigable weakness.,1,"Assess airway, breathing, circulation, glucose, consciousness, and time-sensitive neurologic threats.","Establish onset, last-known-well, progression, preceding illness or trauma, medications, exposures, pregnancy, and baseline function.","Document mental status, cranial nerves, motor pattern, sensation, reflexes, coordination, gait when safe, and meningeal or pressure signs.","Bedside glucose, ECG when appropriate, targeted labs, neuroimaging, EEG, CSF, or electrodiagnostics selected by localization.",source_checked,needs_medical_review,false,Original Neurology presentation record.,partially_source_supported,not_requested,index
PRS-NEUR-063,First seizure,Neurologic presentation centered on first seizure.,1,"Assess airway, breathing, circulation, glucose, consciousness, and time-sensitive neurologic threats.","Establish onset, last-known-well, progression, preceding illness or trauma, medications, exposures, pregnancy, and baseline function.","Document mental status, cranial nerves, motor pattern, sensation, reflexes, coordination, gait when safe, and meningeal or pressure signs.","Bedside glucose, ECG when appropriate, targeted labs, neuroimaging, EEG, CSF, or electrodiagnostics selected by localization.",source_checked,needs_medical_review,false,Original Neurology presentation record.,partially_source_supported,not_requested,index
PRS-NEUR-064,Gait disturbance,Neurologic presentation centered on gait disturbance.,1,"Assess airway, breathing, circulation, glucose, consciousness, and time-sensitive neurologic threats.","Establish onset, last-known-well, progression, preceding illness or trauma, medications, exposures, pregnancy, and baseline function.","Document mental status, cranial nerves, motor pattern, sensation, reflexes, coordination, gait when safe, and meningeal or pressure signs.","Bedside glucose, ECG when appropriate, targeted labs, neuroimaging, EEG, CSF, or electrodiagnostics selected by localization.",source_checked,needs_medical_review,false,Original Neurology presentation record.,partially_source_supported,not_requested,index
PRS-NEUR-065,Head trauma,Neurologic presentation centered on head trauma.,1,"Assess airway, breathing, circulation, glucose, consciousness, and time-sensitive neurologic threats.","Establish onset, last-known-well, progression, preceding illness or trauma, medications, exposures, pregnancy, and baseline function.","Document mental status, cranial nerves, motor pattern, sensation, reflexes, coordination, gait when safe, and meningeal or pressure signs.","Bedside glucose, ECG when appropriate, targeted labs, neuroimaging, EEG, CSF, or electrodiagnostics selected by localization.",source_checked,needs_medical_review,false,Original Neurology presentation record.,partially_source_supported,not_requested,index
PRS-NEUR-066,Loss of consciousness,Neurologic presentation centered on loss of consciousness.,1,"Assess airway, breathing, circulation, glucose, consciousness, and time-sensitive neurologic threats.","Establish onset, last-known-well, progression, preceding illness or trauma, medications, exposures, pregnancy, and baseline function.","Document mental status, cranial nerves, motor pattern, sensation, reflexes, coordination, gait when safe, and meningeal or pressure signs.","Bedside glucose, ECG when appropriate, targeted labs, neuroimaging, EEG, CSF, or electrodiagnostics selected by localization.",source_checked,needs_medical_review,false,Original Neurology presentation record.,partially_source_supported,not_requested,index
PRS-NEUR-067,Memory loss,Neurologic presentation centered on memory loss.,1,"Assess airway, breathing, circulation, glucose, consciousness, and time-sensitive neurologic threats.","Establish onset, last-known-well, progression, preceding illness or trauma, medications, exposures, pregnancy, and baseline function.","Document mental status, cranial nerves, motor pattern, sensation, reflexes, coordination, gait when safe, and meningeal or pressure signs.","Bedside glucose, ECG when appropriate, targeted labs, neuroimaging, EEG, CSF, or electrodiagnostics selected by localization.",source_checked,needs_medical_review,false,Original Neurology presentation record.,partially_source_supported,not_requested,index
PRS-NEUR-068,Neonatal hypotonia,Neurologic presentation centered on neonatal hypotonia.,1,"Assess airway, breathing, circulation, glucose, consciousness, and time-sensitive neurologic threats.","Establish onset, last-known-well, progression, preceding illness or trauma, medications, exposures, pregnancy, and baseline function.","Document mental status, cranial nerves, motor pattern, sensation, reflexes, coordination, gait when safe, and meningeal or pressure signs.","Bedside glucose, ECG when appropriate, targeted labs, neuroimaging, EEG, CSF, or electrodiagnostics selected by localization.",source_checked,needs_medical_review,false,Original Neurology presentation record.,partially_source_supported,not_requested,index
PRS-NEUR-069,Numbness,Neurologic presentation centered on numbness.,1,"Assess airway, breathing, circulation, glucose, consciousness, and time-sensitive neurologic threats.","Establish onset, last-known-well, progression, preceding illness or trauma, medications, exposures, pregnancy, and baseline function.","Document mental status, cranial nerves, motor pattern, sensation, reflexes, coordination, gait when safe, and meningeal or pressure signs.","Bedside glucose, ECG when appropriate, targeted labs, neuroimaging, EEG, CSF, or electrodiagnostics selected by localization.",source_checked,needs_medical_review,false,Original Neurology presentation record.,partially_source_supported,not_requested,index
PRS-NEUR-070,Status epilepticus,Neurologic presentation centered on status epilepticus.,1,"Assess airway, breathing, circulation, glucose, consciousness, and time-sensitive neurologic threats.","Establish onset, last-known-well, progression, preceding illness or trauma, medications, exposures, pregnancy, and baseline function.","Document mental status, cranial nerves, motor pattern, sensation, reflexes, coordination, gait when safe, and meningeal or pressure signs.","Bedside glucose, ECG when appropriate, targeted labs, neuroimaging, EEG, CSF, or electrodiagnostics selected by localization.",source_checked,needs_medical_review,false,Original Neurology presentation record.,partially_source_supported,not_requested,index
PRS-NEUR-071,Thunderclap headache,Neurologic presentation centered on thunderclap headache.,1,"Assess airway, breathing, circulation, glucose, consciousness, and time-sensitive neurologic threats.","Establish onset, last-known-well, progression, preceding illness or trauma, medications, exposures, pregnancy, and baseline function.","Document mental status, cranial nerves, motor pattern, sensation, reflexes, coordination, gait when safe, and meningeal or pressure signs.","Bedside glucose, ECG when appropriate, targeted labs, neuroimaging, EEG, CSF, or electrodiagnostics selected by localization.",source_checked,needs_medical_review,false,Original Neurology presentation record.,partially_source_supported,not_requested,index
PRS-NEUR-072,Tremor,Neurologic presentation centered on tremor.,1,"Assess airway, breathing, circulation, glucose, consciousness, and time-sensitive neurologic threats.","Establish onset, last-known-well, progression, preceding illness or trauma, medications, exposures, pregnancy, and baseline function.","Document mental status, cranial nerves, motor pattern, sensation, reflexes, coordination, gait when safe, and meningeal or pressure signs.","Bedside glucose, ECG when appropriate, targeted labs, neuroimaging, EEG, CSF, or electrodiagnostics selected by localization.",source_checked,needs_medical_review,false,Original Neurology presentation record.,partially_source_supported,not_requested,index
PRS-NEUR-073,Vertigo,Neurologic presentation centered on vertigo.,1,"Assess airway, breathing, circulation, glucose, consciousness, and time-sensitive neurologic threats.","Establish onset, last-known-well, progression, preceding illness or trauma, medications, exposures, pregnancy, and baseline function.","Document mental status, cranial nerves, motor pattern, sensation, reflexes, coordination, gait when safe, and meningeal or pressure signs.","Bedside glucose, ECG when appropriate, targeted labs, neuroimaging, EEG, CSF, or electrodiagnostics selected by localization.",source_checked,needs_medical_review,false,Original Neurology presentation record.,partially_source_supported,not_requested,index
PRS-NEUR-074,Vision loss,Neurologic presentation centered on vision loss.,1,"Assess airway, breathing, circulation, glucose, consciousness, and time-sensitive neurologic threats.","Establish onset, last-known-well, progression, preceding illness or trauma, medications, exposures, pregnancy, and baseline function.","Document mental status, cranial nerves, motor pattern, sensation, reflexes, coordination, gait when safe, and meningeal or pressure signs.","Bedside glucose, ECG when appropriate, targeted labs, neuroimaging, EEG, CSF, or electrodiagnostics selected by localization.",source_checked,needs_medical_review,false,Original Neurology presentation record.,partially_source_supported,not_requested,index
PRS-REN-002,Abnormal urinalysis,Renal or genitourinary presentation centered on abnormal urinalysis.,1,"Assess circulation, ECG when electrolyte risk exists, urine output, volume state, sepsis, and obstruction.","Clarify baseline kidney function, medications, nephrotoxins, voiding, fluid loss, pregnancy, systemic disease, and timing.","Assess volume, blood pressure, edema, bladder distention, costovertebral tenderness, rash, and systemic findings.","Creatinine trend, urinalysis, microscopy, electrolytes, ECG, urine studies, bladder scan, and renal imaging selected by syndrome.",source_checked,needs_medical_review,false,Original renal presentation record.,partially_source_supported,not_requested,index
PRS-REN-005,Anuria,Renal or genitourinary presentation centered on anuria.,1,"Assess circulation, ECG when electrolyte risk exists, urine output, volume state, sepsis, and obstruction.","Clarify baseline kidney function, medications, nephrotoxins, voiding, fluid loss, pregnancy, systemic disease, and timing.","Assess volume, blood pressure, edema, bladder distention, costovertebral tenderness, rash, and systemic findings.","Creatinine trend, urinalysis, microscopy, electrolytes, ECG, urine studies, bladder scan, and renal imaging selected by syndrome.",source_checked,needs_medical_review,false,Original renal presentation record.,partially_source_supported,not_requested,index
PRS-REN-007,Dialysis complication,Renal or genitourinary presentation centered on dialysis complication.,1,"Assess circulation, ECG when electrolyte risk exists, urine output, volume state, sepsis, and obstruction.","Clarify baseline kidney function, medications, nephrotoxins, voiding, fluid loss, pregnancy, systemic disease, and timing.","Assess volume, blood pressure, edema, bladder distention, costovertebral tenderness, rash, and systemic findings.","Creatinine trend, urinalysis, microscopy, electrolytes, ECG, urine studies, bladder scan, and renal imaging selected by syndrome.",source_checked,needs_medical_review,false,Original renal presentation record.,partially_source_supported,not_requested,index
PRS-REN-010,Electrolyte abnormality,Renal or genitourinary presentation centered on electrolyte abnormality.,1,"Assess circulation, ECG when electrolyte risk exists, urine output, volume state, sepsis, and obstruction.","Clarify baseline kidney function, medications, nephrotoxins, voiding, fluid loss, pregnancy, systemic disease, and timing.","Assess volume, blood pressure, edema, bladder distention, costovertebral tenderness, rash, and systemic findings.","Creatinine trend, urinalysis, microscopy, electrolytes, ECG, urine studies, bladder scan, and renal imaging selected by syndrome.",source_checked,needs_medical_review,false,Original renal presentation record.,partially_source_supported,not_requested,index
PRS-REN-011,Elevated creatinine,Renal or genitourinary presentation centered on elevated creatinine.,1,"Assess circulation, ECG when electrolyte risk exists, urine output, volume state, sepsis, and obstruction.","Clarify baseline kidney function, medications, nephrotoxins, voiding, fluid loss, pregnancy, systemic disease, and timing.","Assess volume, blood pressure, edema, bladder distention, costovertebral tenderness, rash, and systemic findings.","Creatinine trend, urinalysis, microscopy, electrolytes, ECG, urine studies, bladder scan, and renal imaging selected by syndrome.",source_checked,needs_medical_review,false,Original renal presentation record.,partially_source_supported,not_requested,index
PRS-REN-013,Fever with flank pain,Renal or genitourinary presentation centered on fever with flank pain.,1,"Assess circulation, ECG when electrolyte risk exists, urine output, volume state, sepsis, and obstruction.","Clarify baseline kidney function, medications, nephrotoxins, voiding, fluid loss, pregnancy, systemic disease, and timing.","Assess volume, blood pressure, edema, bladder distention, costovertebral tenderness, rash, and systemic findings.","Creatinine trend, urinalysis, microscopy, electrolytes, ECG, urine studies, bladder scan, and renal imaging selected by syndrome.",source_checked,needs_medical_review,false,Original renal presentation record.,partially_source_supported,not_requested,index
PRS-REN-014,Flank pain,Renal or genitourinary presentation centered on flank pain.,1,"Assess circulation, ECG when electrolyte risk exists, urine output, volume state, sepsis, and obstruction.","Clarify baseline kidney function, medications, nephrotoxins, voiding, fluid loss, pregnancy, systemic disease, and timing.","Assess volume, blood pressure, edema, bladder distention, costovertebral tenderness, rash, and systemic findings.","Creatinine trend, urinalysis, microscopy, electrolytes, ECG, urine studies, bladder scan, and renal imaging selected by syndrome.",source_checked,needs_medical_review,false,Original renal presentation record.,partially_source_supported,not_requested,index
PRS-REN-016,Hyperkalemia,Renal or genitourinary presentation centered on hyperkalemia.,1,"Assess circulation, ECG when electrolyte risk exists, urine output, volume state, sepsis, and obstruction.","Clarify baseline kidney function, medications, nephrotoxins, voiding, fluid loss, pregnancy, systemic disease, and timing.","Assess volume, blood pressure, edema, bladder distention, costovertebral tenderness, rash, and systemic findings.","Creatinine trend, urinalysis, microscopy, electrolytes, ECG, urine studies, bladder scan, and renal imaging selected by syndrome.",source_checked,needs_medical_review,false,Original renal presentation record.,partially_source_supported,not_requested,index
PRS-REN-017,Hypernatremia,Renal or genitourinary presentation centered on hypernatremia.,1,"Assess circulation, ECG when electrolyte risk exists, urine output, volume state, sepsis, and obstruction.","Clarify baseline kidney function, medications, nephrotoxins, voiding, fluid loss, pregnancy, systemic disease, and timing.","Assess volume, blood pressure, edema, bladder distention, costovertebral tenderness, rash, and systemic findings.","Creatinine trend, urinalysis, microscopy, electrolytes, ECG, urine studies, bladder scan, and renal imaging selected by syndrome.",source_checked,needs_medical_review,false,Original renal presentation record.,partially_source_supported,not_requested,index
PRS-REN-019,Hypokalemia,Renal or genitourinary presentation centered on hypokalemia.,1,"Assess circulation, ECG when electrolyte risk exists, urine output, volume state, sepsis, and obstruction.","Clarify baseline kidney function, medications, nephrotoxins, voiding, fluid loss, pregnancy, systemic disease, and timing.","Assess volume, blood pressure, edema, bladder distention, costovertebral tenderness, rash, and systemic findings.","Creatinine trend, urinalysis, microscopy, electrolytes, ECG, urine studies, bladder scan, and renal imaging selected by syndrome.",source_checked,needs_medical_review,false,Original renal presentation record.,partially_source_supported,not_requested,index
PRS-REN-020,Hyponatremia,Renal or genitourinary presentation centered on hyponatremia.,1,"Assess circulation, ECG when electrolyte risk exists, urine output, volume state, sepsis, and obstruction.","Clarify baseline kidney function, medications, nephrotoxins, voiding, fluid loss, pregnancy, systemic disease, and timing.","Assess volume, blood pressure, edema, bladder distention, costovertebral tenderness, rash, and systemic findings.","Creatinine trend, urinalysis, microscopy, electrolytes, ECG, urine studies, bladder scan, and renal imaging selected by syndrome.",source_checked,needs_medical_review,false,Original renal presentation record.,partially_source_supported,not_requested,index
PRS-REN-021,Metabolic acidosis,Renal or genitourinary presentation centered on metabolic acidosis.,1,"Assess circulation, ECG when electrolyte risk exists, urine output, volume state, sepsis, and obstruction.","Clarify baseline kidney function, medications, nephrotoxins, voiding, fluid loss, pregnancy, systemic disease, and timing.","Assess volume, blood pressure, edema, bladder distention, costovertebral tenderness, rash, and systemic findings.","Creatinine trend, urinalysis, microscopy, electrolytes, ECG, urine studies, bladder scan, and renal imaging selected by syndrome.",source_checked,needs_medical_review,false,Original renal presentation record.,partially_source_supported,not_requested,index
PRS-REN-022,Metabolic alkalosis,Renal or genitourinary presentation centered on metabolic alkalosis.,1,"Assess circulation, ECG when electrolyte risk exists, urine output, volume state, sepsis, and obstruction.","Clarify baseline kidney function, medications, nephrotoxins, voiding, fluid loss, pregnancy, systemic disease, and timing.","Assess volume, blood pressure, edema, bladder distention, costovertebral tenderness, rash, and systemic findings.","Creatinine trend, urinalysis, microscopy, electrolytes, ECG, urine studies, bladder scan, and renal imaging selected by syndrome.",source_checked,needs_medical_review,false,Original renal presentation record.,partially_source_supported,not_requested,index
PRS-REN-024,Pediatric abdominal mass,Renal or genitourinary presentation centered on pediatric abdominal mass.,1,"Assess circulation, ECG when electrolyte risk exists, urine output, volume state, sepsis, and obstruction.","Clarify baseline kidney function, medications, nephrotoxins, voiding, fluid loss, pregnancy, systemic disease, and timing.","Assess volume, blood pressure, edema, bladder distention, costovertebral tenderness, rash, and systemic findings.","Creatinine trend, urinalysis, microscopy, electrolytes, ECG, urine studies, bladder scan, and renal imaging selected by syndrome.",source_checked,needs_medical_review,false,Original renal presentation record.,partially_source_supported,not_requested,index
PRS-REN-025,Polyuria,Renal or genitourinary presentation centered on polyuria.,1,"Assess circulation, ECG when electrolyte risk exists, urine output, volume state, sepsis, and obstruction.","Clarify baseline kidney function, medications, nephrotoxins, voiding, fluid loss, pregnancy, systemic disease, and timing.","Assess volume, blood pressure, edema, bladder distention, costovertebral tenderness, rash, and systemic findings.","Creatinine trend, urinalysis, microscopy, electrolytes, ECG, urine studies, bladder scan, and renal imaging selected by syndrome.",source_checked,needs_medical_review,false,Original renal presentation record.,partially_source_supported,not_requested,index
PRS-REN-026,Prenatal renal abnormality,Renal or genitourinary presentation centered on prenatal renal abnormality.,1,"Assess circulation, ECG when electrolyte risk exists, urine output, volume state, sepsis, and obstruction.","Clarify baseline kidney function, medications, nephrotoxins, voiding, fluid loss, pregnancy, systemic disease, and timing.","Assess volume, blood pressure, edema, bladder distention, costovertebral tenderness, rash, and systemic findings.","Creatinine trend, urinalysis, microscopy, electrolytes, ECG, urine studies, bladder scan, and renal imaging selected by syndrome.",source_checked,needs_medical_review,false,Original renal presentation record.,partially_source_supported,not_requested,index
PRS-REN-027,Proteinuria,Renal or genitourinary presentation centered on proteinuria.,1,"Assess circulation, ECG when electrolyte risk exists, urine output, volume state, sepsis, and obstruction.","Clarify baseline kidney function, medications, nephrotoxins, voiding, fluid loss, pregnancy, systemic disease, and timing.","Assess volume, blood pressure, edema, bladder distention, costovertebral tenderness, rash, and systemic findings.","Creatinine trend, urinalysis, microscopy, electrolytes, ECG, urine studies, bladder scan, and renal imaging selected by syndrome.",source_checked,needs_medical_review,false,Original renal presentation record.,partially_source_supported,not_requested,index
PRS-REN-028,Recurrent UTI,Renal or genitourinary presentation centered on recurrent uti.,1,"Assess circulation, ECG when electrolyte risk exists, urine output, volume state, sepsis, and obstruction.","Clarify baseline kidney function, medications, nephrotoxins, voiding, fluid loss, pregnancy, systemic disease, and timing.","Assess volume, blood pressure, edema, bladder distention, costovertebral tenderness, rash, and systemic findings.","Creatinine trend, urinalysis, microscopy, electrolytes, ECG, urine studies, bladder scan, and renal imaging selected by syndrome.",source_checked,needs_medical_review,false,Original renal presentation record.,partially_source_supported,not_requested,index
PRS-REN-029,Renal colic,Renal or genitourinary presentation centered on renal colic.,1,"Assess circulation, ECG when electrolyte risk exists, urine output, volume state, sepsis, and obstruction.","Clarify baseline kidney function, medications, nephrotoxins, voiding, fluid loss, pregnancy, systemic disease, and timing.","Assess volume, blood pressure, edema, bladder distention, costovertebral tenderness, rash, and systemic findings.","Creatinine trend, urinalysis, microscopy, electrolytes, ECG, urine studies, bladder scan, and renal imaging selected by syndrome.",source_checked,needs_medical_review,false,Original renal presentation record.,partially_source_supported,not_requested,index
PRS-REN-030,Skin lesion,Renal or genitourinary presentation centered on skin lesion.,1,"Assess circulation, ECG when electrolyte risk exists, urine output, volume state, sepsis, and obstruction.","Clarify baseline kidney function, medications, nephrotoxins, voiding, fluid loss, pregnancy, systemic disease, and timing.","Assess volume, blood pressure, edema, bladder distention, costovertebral tenderness, rash, and systemic findings.","Creatinine trend, urinalysis, microscopy, electrolytes, ECG, urine studies, bladder scan, and renal imaging selected by syndrome.",source_checked,needs_medical_review,false,Original renal presentation record.,partially_source_supported,not_requested,index
PRS-REN-031,Uremic symptoms,Renal or genitourinary presentation centered on uremic symptoms.,1,"Assess circulation, ECG when electrolyte risk exists, urine output, volume state, sepsis, and obstruction.","Clarify baseline kidney function, medications, nephrotoxins, voiding, fluid loss, pregnancy, systemic disease, and timing.","Assess volume, blood pressure, edema, bladder distention, costovertebral tenderness, rash, and systemic findings.","Creatinine trend, urinalysis, microscopy, electrolytes, ECG, urine studies, bladder scan, and renal imaging selected by syndrome.",source_checked,needs_medical_review,false,Original renal presentation record.,partially_source_supported,not_requested,index
PRS-REN-032,Urinary retention,Renal or genitourinary presentation centered on urinary retention.,1,"Assess circulation, ECG when electrolyte risk exists, urine output, volume state, sepsis, and obstruction.","Clarify baseline kidney function, medications, nephrotoxins, voiding, fluid loss, pregnancy, systemic disease, and timing.","Assess volume, blood pressure, edema, bladder distention, costovertebral tenderness, rash, and systemic findings.","Creatinine trend, urinalysis, microscopy, electrolytes, ECG, urine studies, bladder scan, and renal imaging selected by syndrome.",source_checked,needs_medical_review,false,Original renal presentation record.,partially_source_supported,not_requested,index
PRS-MSK-001,Acute traumatic limb pain,Musculoskeletal presentation centered on acute traumatic limb pain.,1,"Assess airway when trauma warrants, hemorrhage, pain, deformity, skin, distal pulses, sensation, motor function, and weight bearing.","Clarify mechanism, timing, prior injury, fever, medication exposure, autoimmune symptoms, cancer history, training load, and pediatric growth context.","Inspect alignment and skin; document range of motion, focal tenderness, compartments, motor, sensation, pulses, capillary refill, gait, and systemic findings.","Use targeted radiographs, ultrasound, CT, MRI, laboratory tests, aspiration, cultures, vascular imaging, or specialist evaluation according to the suspected syndrome.",source_checked,needs_medical_review,false,Original musculoskeletal presentation record.,partially_source_supported,not_requested,index
PRS-MSK-002,Suspected fracture,Musculoskeletal presentation centered on suspected fracture.,1,"Assess airway when trauma warrants, hemorrhage, pain, deformity, skin, distal pulses, sensation, motor function, and weight bearing.","Clarify mechanism, timing, prior injury, fever, medication exposure, autoimmune symptoms, cancer history, training load, and pediatric growth context.","Inspect alignment and skin; document range of motion, focal tenderness, compartments, motor, sensation, pulses, capillary refill, gait, and systemic findings.","Use targeted radiographs, ultrasound, CT, MRI, laboratory tests, aspiration, cultures, vascular imaging, or specialist evaluation according to the suspected syndrome.",source_checked,needs_medical_review,false,Original musculoskeletal presentation record.,partially_source_supported,not_requested,index
PRS-MSK-003,Suspected dislocation,Musculoskeletal presentation centered on suspected dislocation.,1,"Assess airway when trauma warrants, hemorrhage, pain, deformity, skin, distal pulses, sensation, motor function, and weight bearing.","Clarify mechanism, timing, prior injury, fever, medication exposure, autoimmune symptoms, cancer history, training load, and pediatric growth context.","Inspect alignment and skin; document range of motion, focal tenderness, compartments, motor, sensation, pulses, capillary refill, gait, and systemic findings.","Use targeted radiographs, ultrasound, CT, MRI, laboratory tests, aspiration, cultures, vascular imaging, or specialist evaluation according to the suspected syndrome.",source_checked,needs_medical_review,false,Original musculoskeletal presentation record.,partially_source_supported,not_requested,index
PRS-MSK-004,Open wound over fracture,Musculoskeletal presentation centered on open wound over fracture.,1,"Assess airway when trauma warrants, hemorrhage, pain, deformity, skin, distal pulses, sensation, motor function, and weight bearing.","Clarify mechanism, timing, prior injury, fever, medication exposure, autoimmune symptoms, cancer history, training load, and pediatric growth context.","Inspect alignment and skin; document range of motion, focal tenderness, compartments, motor, sensation, pulses, capillary refill, gait, and systemic findings.","Use targeted radiographs, ultrasound, CT, MRI, laboratory tests, aspiration, cultures, vascular imaging, or specialist evaluation according to the suspected syndrome.",source_checked,needs_medical_review,false,Original musculoskeletal presentation record.,partially_source_supported,not_requested,index
PRS-MSK-005,Neurovascular compromise after injury,Musculoskeletal presentation centered on neurovascular compromise after injury.,1,"Assess airway when trauma warrants, hemorrhage, pain, deformity, skin, distal pulses, sensation, motor function, and weight bearing.","Clarify mechanism, timing, prior injury, fever, medication exposure, autoimmune symptoms, cancer history, training load, and pediatric growth context.","Inspect alignment and skin; document range of motion, focal tenderness, compartments, motor, sensation, pulses, capillary refill, gait, and systemic findings.","Use targeted radiographs, ultrasound, CT, MRI, laboratory tests, aspiration, cultures, vascular imaging, or specialist evaluation according to the suspected syndrome.",source_checked,needs_medical_review,false,Original musculoskeletal presentation record.,partially_source_supported,not_requested,index
PRS-MSK-006,Extremity pain out of proportion,Musculoskeletal presentation centered on extremity pain out of proportion.,1,"Assess airway when trauma warrants, hemorrhage, pain, deformity, skin, distal pulses, sensation, motor function, and weight bearing.","Clarify mechanism, timing, prior injury, fever, medication exposure, autoimmune symptoms, cancer history, training load, and pediatric growth context.","Inspect alignment and skin; document range of motion, focal tenderness, compartments, motor, sensation, pulses, capillary refill, gait, and systemic findings.","Use targeted radiographs, ultrasound, CT, MRI, laboratory tests, aspiration, cultures, vascular imaging, or specialist evaluation according to the suspected syndrome.",source_checked,needs_medical_review,false,Original musculoskeletal presentation record.,partially_source_supported,not_requested,index
PRS-MSK-007,Red hot swollen joint,Musculoskeletal presentation centered on red hot swollen joint.,1,"Assess airway when trauma warrants, hemorrhage, pain, deformity, skin, distal pulses, sensation, motor function, and weight bearing.","Clarify mechanism, timing, prior injury, fever, medication exposure, autoimmune symptoms, cancer history, training load, and pediatric growth context.","Inspect alignment and skin; document range of motion, focal tenderness, compartments, motor, sensation, pulses, capillary refill, gait, and systemic findings.","Use targeted radiographs, ultrasound, CT, MRI, laboratory tests, aspiration, cultures, vascular imaging, or specialist evaluation according to the suspected syndrome.",source_checked,needs_medical_review,false,Original musculoskeletal presentation record.,partially_source_supported,not_requested,index
PRS-MSK-008,Acute monoarthritis,Musculoskeletal presentation centered on acute monoarthritis.,1,"Assess airway when trauma warrants, hemorrhage, pain, deformity, skin, distal pulses, sensation, motor function, and weight bearing.","Clarify mechanism, timing, prior injury, fever, medication exposure, autoimmune symptoms, cancer history, training load, and pediatric growth context.","Inspect alignment and skin; document range of motion, focal tenderness, compartments, motor, sensation, pulses, capillary refill, gait, and systemic findings.","Use targeted radiographs, ultrasound, CT, MRI, laboratory tests, aspiration, cultures, vascular imaging, or specialist evaluation according to the suspected syndrome.",source_checked,needs_medical_review,false,Original musculoskeletal presentation record.,partially_source_supported,not_requested,index
PRS-MSK-009,Polyarthritis,Musculoskeletal presentation centered on polyarthritis.,1,"Assess airway when trauma warrants, hemorrhage, pain, deformity, skin, distal pulses, sensation, motor function, and weight bearing.","Clarify mechanism, timing, prior injury, fever, medication exposure, autoimmune symptoms, cancer history, training load, and pediatric growth context.","Inspect alignment and skin; document range of motion, focal tenderness, compartments, motor, sensation, pulses, capillary refill, gait, and systemic findings.","Use targeted radiographs, ultrasound, CT, MRI, laboratory tests, aspiration, cultures, vascular imaging, or specialist evaluation according to the suspected syndrome.",source_checked,needs_medical_review,false,Original musculoskeletal presentation record.,partially_source_supported,not_requested,index
PRS-MSK-010,Morning stiffness,Musculoskeletal presentation centered on morning stiffness.,1,"Assess airway when trauma warrants, hemorrhage, pain, deformity, skin, distal pulses, sensation, motor function, and weight bearing.","Clarify mechanism, timing, prior injury, fever, medication exposure, autoimmune symptoms, cancer history, training load, and pediatric growth context.","Inspect alignment and skin; document range of motion, focal tenderness, compartments, motor, sensation, pulses, capillary refill, gait, and systemic findings.","Use targeted radiographs, ultrasound, CT, MRI, laboratory tests, aspiration, cultures, vascular imaging, or specialist evaluation according to the suspected syndrome.",source_checked,needs_medical_review,false,Original musculoskeletal presentation record.,partially_source_supported,not_requested,index
PRS-MSK-012,Pediatric limp,Musculoskeletal presentation centered on pediatric limp.,1,"Assess airway when trauma warrants, hemorrhage, pain, deformity, skin, distal pulses, sensation, motor function, and weight bearing.","Clarify mechanism, timing, prior injury, fever, medication exposure, autoimmune symptoms, cancer history, training load, and pediatric growth context.","Inspect alignment and skin; document range of motion, focal tenderness, compartments, motor, sensation, pulses, capillary refill, gait, and systemic findings.","Use targeted radiographs, ultrasound, CT, MRI, laboratory tests, aspiration, cultures, vascular imaging, or specialist evaluation according to the suspected syndrome.",source_checked,needs_medical_review,false,Original musculoskeletal presentation record.,partially_source_supported,not_requested,index
PRS-MSK-013,Pediatric hip pain,Musculoskeletal presentation centered on pediatric hip pain.,1,"Assess airway when trauma warrants, hemorrhage, pain, deformity, skin, distal pulses, sensation, motor function, and weight bearing.","Clarify mechanism, timing, prior injury, fever, medication exposure, autoimmune symptoms, cancer history, training load, and pediatric growth context.","Inspect alignment and skin; document range of motion, focal tenderness, compartments, motor, sensation, pulses, capillary refill, gait, and systemic findings.","Use targeted radiographs, ultrasound, CT, MRI, laboratory tests, aspiration, cultures, vascular imaging, or specialist evaluation according to the suspected syndrome.",source_checked,needs_medical_review,false,Original musculoskeletal presentation record.,partially_source_supported,not_requested,index
PRS-MSK-014,Shoulder pain,Musculoskeletal presentation centered on shoulder pain.,1,"Assess airway when trauma warrants, hemorrhage, pain, deformity, skin, distal pulses, sensation, motor function, and weight bearing.","Clarify mechanism, timing, prior injury, fever, medication exposure, autoimmune symptoms, cancer history, training load, and pediatric growth context.","Inspect alignment and skin; document range of motion, focal tenderness, compartments, motor, sensation, pulses, capillary refill, gait, and systemic findings.","Use targeted radiographs, ultrasound, CT, MRI, laboratory tests, aspiration, cultures, vascular imaging, or specialist evaluation according to the suspected syndrome.",source_checked,needs_medical_review,false,Original musculoskeletal presentation record.,partially_source_supported,not_requested,index
PRS-MSK-015,Knee injury,Musculoskeletal presentation centered on knee injury.,1,"Assess airway when trauma warrants, hemorrhage, pain, deformity, skin, distal pulses, sensation, motor function, and weight bearing.","Clarify mechanism, timing, prior injury, fever, medication exposure, autoimmune symptoms, cancer history, training load, and pediatric growth context.","Inspect alignment and skin; document range of motion, focal tenderness, compartments, motor, sensation, pulses, capillary refill, gait, and systemic findings.","Use targeted radiographs, ultrasound, CT, MRI, laboratory tests, aspiration, cultures, vascular imaging, or specialist evaluation according to the suspected syndrome.",source_checked,needs_medical_review,false,Original musculoskeletal presentation record.,partially_source_supported,not_requested,index
PRS-MSK-016,Ankle injury,Musculoskeletal presentation centered on ankle injury.,1,"Assess airway when trauma warrants, hemorrhage, pain, deformity, skin, distal pulses, sensation, motor function, and weight bearing.","Clarify mechanism, timing, prior injury, fever, medication exposure, autoimmune symptoms, cancer history, training load, and pediatric growth context.","Inspect alignment and skin; document range of motion, focal tenderness, compartments, motor, sensation, pulses, capillary refill, gait, and systemic findings.","Use targeted radiographs, ultrasound, CT, MRI, laboratory tests, aspiration, cultures, vascular imaging, or specialist evaluation according to the suspected syndrome.",source_checked,needs_medical_review,false,Original musculoskeletal presentation record.,partially_source_supported,not_requested,index
PRS-MSK-017,Wrist injury,Musculoskeletal presentation centered on wrist injury.,1,"Assess airway when trauma warrants, hemorrhage, pain, deformity, skin, distal pulses, sensation, motor function, and weight bearing.","Clarify mechanism, timing, prior injury, fever, medication exposure, autoimmune symptoms, cancer history, training load, and pediatric growth context.","Inspect alignment and skin; document range of motion, focal tenderness, compartments, motor, sensation, pulses, capillary refill, gait, and systemic findings.","Use targeted radiographs, ultrasound, CT, MRI, laboratory tests, aspiration, cultures, vascular imaging, or specialist evaluation according to the suspected syndrome.",source_checked,needs_medical_review,false,Original musculoskeletal presentation record.,partially_source_supported,not_requested,index
PRS-MSK-018,Hand infection,Musculoskeletal presentation centered on hand infection.,1,"Assess airway when trauma warrants, hemorrhage, pain, deformity, skin, distal pulses, sensation, motor function, and weight bearing.","Clarify mechanism, timing, prior injury, fever, medication exposure, autoimmune symptoms, cancer history, training load, and pediatric growth context.","Inspect alignment and skin; document range of motion, focal tenderness, compartments, motor, sensation, pulses, capillary refill, gait, and systemic findings.","Use targeted radiographs, ultrasound, CT, MRI, laboratory tests, aspiration, cultures, vascular imaging, or specialist evaluation according to the suspected syndrome.",source_checked,needs_medical_review,false,Original musculoskeletal presentation record.,partially_source_supported,not_requested,index
PRS-MSK-019,Muscle weakness,Musculoskeletal presentation centered on muscle weakness.,1,"Assess airway when trauma warrants, hemorrhage, pain, deformity, skin, distal pulses, sensation, motor function, and weight bearing.","Clarify mechanism, timing, prior injury, fever, medication exposure, autoimmune symptoms, cancer history, training load, and pediatric growth context.","Inspect alignment and skin; document range of motion, focal tenderness, compartments, motor, sensation, pulses, capillary refill, gait, and systemic findings.","Use targeted radiographs, ultrasound, CT, MRI, laboratory tests, aspiration, cultures, vascular imaging, or specialist evaluation according to the suspected syndrome.",source_checked,needs_medical_review,false,Original musculoskeletal presentation record.,partially_source_supported,not_requested,index
PRS-MSK-020,Bone pain or pathologic fracture,Musculoskeletal presentation centered on bone pain or pathologic fracture.,1,"Assess airway when trauma warrants, hemorrhage, pain, deformity, skin, distal pulses, sensation, motor function, and weight bearing.","Clarify mechanism, timing, prior injury, fever, medication exposure, autoimmune symptoms, cancer history, training load, and pediatric growth context.","Inspect alignment and skin; document range of motion, focal tenderness, compartments, motor, sensation, pulses, capillary refill, gait, and systemic findings.","Use targeted radiographs, ultrasound, CT, MRI, laboratory tests, aspiration, cultures, vascular imaging, or specialist evaluation according to the suspected syndrome.",source_checked,needs_medical_review,false,Original musculoskeletal presentation record.,partially_source_supported,not_requested,index
PRS-MSK-021,Soft-tissue mass,Musculoskeletal presentation centered on soft-tissue mass.,1,"Assess airway when trauma warrants, hemorrhage, pain, deformity, skin, distal pulses, sensation, motor function, and weight bearing.","Clarify mechanism, timing, prior injury, fever, medication exposure, autoimmune symptoms, cancer history, training load, and pediatric growth context.","Inspect alignment and skin; document range of motion, focal tenderness, compartments, motor, sensation, pulses, capillary refill, gait, and systemic findings.","Use targeted radiographs, ultrasound, CT, MRI, laboratory tests, aspiration, cultures, vascular imaging, or specialist evaluation according to the suspected syndrome.",source_checked,needs_medical_review,false,Original musculoskeletal presentation record.,partially_source_supported,not_requested,index
PRS-MSK-022,Postoperative orthopedic pain,Musculoskeletal presentation centered on postoperative orthopedic pain.,1,"Assess airway when trauma warrants, hemorrhage, pain, deformity, skin, distal pulses, sensation, motor function, and weight bearing.","Clarify mechanism, timing, prior injury, fever, medication exposure, autoimmune symptoms, cancer history, training load, and pediatric growth context.","Inspect alignment and skin; document range of motion, focal tenderness, compartments, motor, sensation, pulses, capillary refill, gait, and systemic findings.","Use targeted radiographs, ultrasound, CT, MRI, laboratory tests, aspiration, cultures, vascular imaging, or specialist evaluation according to the suspected syndrome.",source_checked,needs_medical_review,false,Original musculoskeletal presentation record.,partially_source_supported,not_requested,index
PRS-MSK-023,Sports injury,Musculoskeletal presentation centered on sports injury.,1,"Assess airway when trauma warrants, hemorrhage, pain, deformity, skin, distal pulses, sensation, motor function, and weight bearing.","Clarify mechanism, timing, prior injury, fever, medication exposure, autoimmune symptoms, cancer history, training load, and pediatric growth context.","Inspect alignment and skin; document range of motion, focal tenderness, compartments, motor, sensation, pulses, capillary refill, gait, and systemic findings.","Use targeted radiographs, ultrasound, CT, MRI, laboratory tests, aspiration, cultures, vascular imaging, or specialist evaluation according to the suspected syndrome.",source_checked,needs_medical_review,false,Original musculoskeletal presentation record.,partially_source_supported,not_requested,index
PRS-MSK-024,Inability to bear weight,Musculoskeletal presentation centered on inability to bear weight.,1,"Assess airway when trauma warrants, hemorrhage, pain, deformity, skin, distal pulses, sensation, motor function, and weight bearing.","Clarify mechanism, timing, prior injury, fever, medication exposure, autoimmune symptoms, cancer history, training load, and pediatric growth context.","Inspect alignment and skin; document range of motion, focal tenderness, compartments, motor, sensation, pulses, capillary refill, gait, and systemic findings.","Use targeted radiographs, ultrasound, CT, MRI, laboratory tests, aspiration, cultures, vascular imaging, or specialist evaluation according to the suspected syndrome.",source_checked,needs_medical_review,false,Original musculoskeletal presentation record.,partially_source_supported,not_requested,index
PRS-NEUR-RECURRENTSEIZURE,Recurrent seizure,Neurologic presentation centered on recurrent seizure and requiring anatomic localization and time-course assessment.,1,"Assess airway, breathing, circulation, glucose, consciousness, seizures, and immediate focal or respiratory threats.","Clarify onset, last-known-well time, witnessed events, medications, toxins, infection, trauma, pregnancy, vascular risk, and baseline function.","Document mental status, cranial nerves, pupils, motor, sensation, reflexes, coordination, gait, meningismus, and respiratory effort.","Glucose, targeted laboratory testing, urgent neuroimaging, EEG, CSF, vascular imaging, and electrophysiology according to syndrome.",source_checked,needs_medical_review,false,Source support is topic-specific.,partially_source_supported,not_requested,expanded
PRS-NEUR-PROGRESSIVEHEADACHE,Progressive headache,Neurologic presentation centered on progressive headache and requiring anatomic localization and time-course assessment.,1,"Assess airway, breathing, circulation, glucose, consciousness, seizures, and immediate focal or respiratory threats.","Clarify onset, last-known-well time, witnessed events, medications, toxins, infection, trauma, pregnancy, vascular risk, and baseline function.","Document mental status, cranial nerves, pupils, motor, sensation, reflexes, coordination, gait, meningismus, and respiratory effort.","Glucose, targeted laboratory testing, urgent neuroimaging, EEG, CSF, vascular imaging, and electrophysiology according to syndrome.",source_checked,needs_medical_review,false,Source support is topic-specific.,partially_source_supported,not_requested,expanded
PRS-NEUR-SENSORYLEVEL,Sensory level,Neurologic presentation centered on sensory level and requiring anatomic localization and time-course assessment.,1,"Assess airway, breathing, circulation, glucose, consciousness, seizures, and immediate focal or respiratory threats.","Clarify onset, last-known-well time, witnessed events, medications, toxins, infection, trauma, pregnancy, vascular risk, and baseline function.","Document mental status, cranial nerves, pupils, motor, sensation, reflexes, coordination, gait, meningismus, and respiratory effort.","Glucose, targeted laboratory testing, urgent neuroimaging, EEG, CSF, vascular imaging, and electrophysiology according to syndrome.",source_checked,needs_medical_review,false,Source support is topic-specific.,partially_source_supported,not_requested,expanded
PRS-NEUR-URINARYRETENTIONWITH,Urinary retention with neurologic deficit,Neurologic presentation centered on urinary retention with neurologic deficit and requiring anatomic localization and time-course assessment.,1,"Assess airway, breathing, circulation, glucose, consciousness, seizures, and immediate focal or respiratory threats.","Clarify onset, last-known-well time, witnessed events, medications, toxins, infection, trauma, pregnancy, vascular risk, and baseline function.","Document mental status, cranial nerves, pupils, motor, sensation, reflexes, coordination, gait, meningismus, and respiratory effort.","Glucose, targeted laboratory testing, urgent neuroimaging, EEG, CSF, vascular imaging, and electrophysiology according to syndrome.",source_checked,needs_medical_review,false,Source support is topic-specific.,partially_source_supported,not_requested,expanded
PRS-NEUR-APHASIA,Aphasia,Neurologic presentation centered on aphasia and requiring anatomic localization and time-course assessment.,1,"Assess airway, breathing, circulation, glucose, consciousness, seizures, and immediate focal or respiratory threats.","Clarify onset, last-known-well time, witnessed events, medications, toxins, infection, trauma, pregnancy, vascular risk, and baseline function.","Document mental status, cranial nerves, pupils, motor, sensation, reflexes, coordination, gait, meningismus, and respiratory effort.","Glucose, targeted laboratory testing, urgent neuroimaging, EEG, CSF, vascular imaging, and electrophysiology according to syndrome.",source_checked,needs_medical_review,false,Source support is topic-specific.,partially_source_supported,not_requested,expanded
PRS-NEUR-DYSARTHRIA,Dysarthria,Neurologic presentation centered on dysarthria and requiring anatomic localization and time-course assessment.,1,"Assess airway, breathing, circulation, glucose, consciousness, seizures, and immediate focal or respiratory threats.","Clarify onset, last-known-well time, witnessed events, medications, toxins, infection, trauma, pregnancy, vascular risk, and baseline function.","Document mental status, cranial nerves, pupils, motor, sensation, reflexes, coordination, gait, meningismus, and respiratory effort.","Glucose, targeted laboratory testing, urgent neuroimaging, EEG, CSF, vascular imaging, and electrophysiology according to syndrome.",source_checked,needs_medical_review,false,Source support is topic-specific.,partially_source_supported,not_requested,expanded
PRS-NEUR-PAPILLEDEMA,Papilledema,Neurologic presentation centered on papilledema and requiring anatomic localization and time-course assessment.,1,"Assess airway, breathing, circulation, glucose, consciousness, seizures, and immediate focal or respiratory threats.","Clarify onset, last-known-well time, witnessed events, medications, toxins, infection, trauma, pregnancy, vascular risk, and baseline function.","Document mental status, cranial nerves, pupils, motor, sensation, reflexes, coordination, gait, meningismus, and respiratory effort.","Glucose, targeted laboratory testing, urgent neuroimaging, EEG, CSF, vascular imaging, and electrophysiology according to syndrome.",source_checked,needs_medical_review,false,Source support is topic-specific.,partially_source_supported,not_requested,expanded
PRS-NEUR-RESPIRATORYWEAKNESS,Respiratory weakness,Neurologic presentation centered on respiratory weakness and requiring anatomic localization and time-course assessment.,1,"Assess airway, breathing, circulation, glucose, consciousness, seizures, and immediate focal or respiratory threats.","Clarify onset, last-known-well time, witnessed events, medications, toxins, infection, trauma, pregnancy, vascular risk, and baseline function.","Document mental status, cranial nerves, pupils, motor, sensation, reflexes, coordination, gait, meningismus, and respiratory effort.","Glucose, targeted laboratory testing, urgent neuroimaging, EEG, CSF, vascular imaging, and electrophysiology according to syndrome.",source_checked,needs_medical_review,false,Source support is topic-specific.,partially_source_supported,not_requested,expanded
PRS-NEUR-DELIRIUM,Delirium,Neurologic presentation centered on delirium and requiring anatomic localization and time-course assessment.,1,"Assess airway, breathing, circulation, glucose, consciousness, seizures, and immediate focal or respiratory threats.","Clarify onset, last-known-well time, witnessed events, medications, toxins, infection, trauma, pregnancy, vascular risk, and baseline function.","Document mental status, cranial nerves, pupils, motor, sensation, reflexes, coordination, gait, meningismus, and respiratory effort.","Glucose, targeted laboratory testing, urgent neuroimaging, EEG, CSF, vascular imaging, and electrophysiology according to syndrome.",source_checked,needs_medical_review,false,Source support is topic-specific.,partially_source_supported,not_requested,expanded
PRS-NEUR-PARESTHESIA,Paresthesia,Neurologic presentation centered on paresthesia and requiring anatomic localization and time-course assessment.,1,"Assess airway, breathing, circulation, glucose, consciousness, seizures, and immediate focal or respiratory threats.","Clarify onset, last-known-well time, witnessed events, medications, toxins, infection, trauma, pregnancy, vascular risk, and baseline function.","Document mental status, cranial nerves, pupils, motor, sensation, reflexes, coordination, gait, meningismus, and respiratory effort.","Glucose, targeted laboratory testing, urgent neuroimaging, EEG, CSF, vascular imaging, and electrophysiology according to syndrome.",source_checked,needs_medical_review,false,Source support is topic-specific.,partially_source_supported,not_requested,expanded
PRS-NEUR-AREFLEXIA,Areflexia,Neurologic presentation centered on areflexia and requiring anatomic localization and time-course assessment.,1,"Assess airway, breathing, circulation, glucose, consciousness, seizures, and immediate focal or respiratory threats.","Clarify onset, last-known-well time, witnessed events, medications, toxins, infection, trauma, pregnancy, vascular risk, and baseline function.","Document mental status, cranial nerves, pupils, motor, sensation, reflexes, coordination, gait, meningismus, and respiratory effort.","Glucose, targeted laboratory testing, urgent neuroimaging, EEG, CSF, vascular imaging, and electrophysiology according to syndrome.",source_checked,needs_medical_review,false,Source support is topic-specific.,partially_source_supported,not_requested,expanded
